motiv;titlu;tip;url;pret
fără stoc;Semințe de Fasole Urcătoare „Meraviglia di Venezia”;Seminte Fasole Urcatoare;https://pepinieraromaniei.ro/products/seminte-fasole-urcatoare;57.90
fără stoc;Seminte de Fasole Urcatoare „Meraviglia di Venezia”;Seminte Fasole Urcatoare;https://pepinieraromaniei.ro/products/seminte-fasole-urcatoare-meraviglia-di-venezia-70-gr;24.90
fără stoc;Seminte de Fasole Urcatoare „Meraviglia di Venezia” 70g;Seminte Fasole Urcatoare;https://pepinieraromaniei.ro/products/seminte-fasole-urcatoare-meraviglia-di-venezia-50-gr;24.90
bulbi/bujori/lalele (zona Fitza);Bulbi de Narcise „Avalanche”, 2 Bucati;;https://pepinieraromaniei.ro/products/bulbi-de-narcise-avalanche-2-bucati;12.90
bulbi/bujori/lalele (zona Fitza);Bulbi de Narcise „Tahiti”, 2 Bucati;;https://pepinieraromaniei.ro/products/bulbi-de-narcise-tahiti-2-bucati;12.90
bulbi/bujori/lalele (zona Fitza);Bulbi de Narcise „Obdam”, 2 Bucati;;https://pepinieraromaniei.ro/products/bulbi-de-narcise-obdam-2-bucati;13.90
bulbi/bujori/lalele (zona Fitza);Bulbi de Narcise „Ice King”, 2 Bucati;;https://pepinieraromaniei.ro/products/bulbi-de-narcise-ice-king-2-bucati;12.90
bulbi/bujori/lalele (zona Fitza);Bulbi de Narcise „Golden Ducat”, 2 Bucati;;https://pepinieraromaniei.ro/products/bulbi-narcise-golden;12.90
bulbi/bujori/lalele (zona Fitza);Bujor „Blue Deft”;Bulbi de Bujor;https://pepinieraromaniei.ro/products/bujor-arbustiv-blue-deft;76.90
bulbi/bujori/lalele (zona Fitza);Pachet Promotional Bulbi de Bujori Mixt, 10 Bucati;Pachet Bujor;https://pepinieraromaniei.ro/products/pachet-promotional-bujori-mixt-10-bucati;273.90
bulbi/bujori/lalele (zona Fitza);Pachet Promotional Bulbi de Bujori Mixt, 5 Bucati;Pachet Bujor;https://pepinieraromaniei.ro/products/bulbi-bujori-mixt;137.90
bulbi/bujori/lalele (zona Fitza);Bujor Galben 'Bartzella', la ghiveci;Bulbi de Bujor;https://pepinieraromaniei.ro/products/bujor-galben-bartzella;108.90
bulbi/bujori/lalele (zona Fitza);Bulbi de Bujor „Victoire de la Marne”, 1 Radacina;Bulbi de Bujor;https://pepinieraromaniei.ro/products/bujor-victoire-marne;27.90
bulbi/bujori/lalele (zona Fitza);Bulbi de Bujor „Karl Rosenfield”, 1 Radacina;Bulbi de Bujor;https://pepinieraromaniei.ro/products/bujor-karl-rosenfield-1-radacina;27.90
bulbi/bujori/lalele (zona Fitza);Bulbi de Narcise „Flower Drift”, 2 Bucati;Bulbi de Narcise;https://pepinieraromaniei.ro/products/bulbi-de-narcise-flower-drift-3-bucati-pachet;11.90
bulbi/bujori/lalele (zona Fitza);Bulbi de Narcise „Polar Ice”, 2 Bucati;;https://pepinieraromaniei.ro/products/bulbi-de-narcise-polar-ice-2-bucati;12.90
bulbi/bujori/lalele (zona Fitza);Pachet Promotional Bulbi de Narcise Mix, 35 bucati;Pachet Narcise;https://pepinieraromaniei.ro/products/pachet-narcise-mix;221.90
fără stoc;Bulbi de Tuberoza „Yellow Baby”, 2 Bucati;Bulbi de Tuberoza;https://pepinieraromaniei.ro/products/bulbi-de-tuberoza-yellow-baby;17.90
fără stoc;Bulbi de Tuberoza „Cinderella”, 2 Bucati;Bulbi de Tuberoza;https://pepinieraromaniei.ro/products/bulbi-de-tuberoza-cinderella;17.90
fără stoc;Bulbi de Tuberoza „The Pearl”, 2 Bucati;Bulbi de Tuberoza;https://pepinieraromaniei.ro/products/bulbi-de-tuberoza-the-pearl-2-bucati-pachet;17.90
fără stoc;Bulbi de Fritillaria „Persica Adiyaman”, 1 Bucata;Bulbi de Fritillaria;https://pepinieraromaniei.ro/products/piersica-adiyaman;35.90
fără stoc;Bulbi de Fritillaria „Lutea”, 1 Bucata;Bulbi de Fritillaria;https://pepinieraromaniei.ro/products/lutea;35.90
fără stoc;Bulbi de Fritillaria „Orange Beauty”, 1 Bucata;Bulbi de Fritillaria;https://pepinieraromaniei.ro/products/orange-beauty;35.90
fără stoc;Bulbi de Fritillaria „Rubra”, 1 Bucata;Bulbi de Fritillaria;https://pepinieraromaniei.ro/products/aurora;35.90
bulbi/bujori/lalele (zona Fitza);Bulbi de Lalele „Monte Orange”, 5 Bucati;Bulbi de Lalele;https://pepinieraromaniei.ro/products/monte-orange;10.90
bulbi/bujori/lalele (zona Fitza);Bulbi de Lalele „Gudoshnik Double”, 5 Bucati;Bulbi de Lalele;https://pepinieraromaniei.ro/products/gudoshnik-double;12.00
bulbi/bujori/lalele (zona Fitza);Bulbi de Lalele „Foxtrot”, 5 Bucati;Bulbi de Lalele;https://pepinieraromaniei.ro/products/foxtrot;10.90
bulbi/bujori/lalele (zona Fitza);Bulbi de Lalele „Fashion”, 5 Bucati;Bulbi de Lalele;https://pepinieraromaniei.ro/products/fashion;10.90
fără stoc;Bulbi Ghiocei Galanthus - Woronowii - 10 buc;Bulbi de Ghiocei;https://pepinieraromaniei.ro/products/woronowii;26.90
bulbi/bujori/lalele (zona Fitza);Bulbi de Lalele „The First”, 5 Bucati;Bulbi de Lalele;https://pepinieraromaniei.ro/products/bulbi-lalele-first;10.90
fără stoc;Bulbi Ghiocei Dubli - Flore Pleno -5 buc;Bulbi de Ghiocei;https://pepinieraromaniei.ro/products/bulbi-ghiocei-dubli-flore-pleno;16.90
fără stoc;Bulbi de Zambile „Purple Sensation”, 2 Bucăți;Bulbi de Zambila;https://pepinieraromaniei.ro/products/bulbi-de-zambile-purple-sensation-2-bucati;11.90
fără stoc;Bulbi de Zambile „Miss Saigon”, 2 Bucăți;Bulbi de Zambila;https://pepinieraromaniei.ro/products/bulbi-de-zambile-miss-saigon-2-bucati;11.90
fără stoc;Bulbi de Zambile „Red” , 2 bucați;Bulbi de Zambila;https://pepinieraromaniei.ro/products/bulbi-de-zambile-red-2-bucati;13.90
fără stoc;Bulbi de Zambile „Orange”, 2 bucați;Bulbi de Zambila;https://pepinieraromaniei.ro/products/bulbi-de-zambile-orange-2-bucati;11.90
fără stoc;Bulbi de Zambile „Hermione” ,2 bucați;Bulbi de Zambila;https://pepinieraromaniei.ro/products/bulbi-de-zambile-hermione-2-bucati;11.90
fără stoc;Bulbi de Zambile „Black”, 2 bucați;Bulbi de Zambila;https://pepinieraromaniei.ro/products/bulbi-de-zambile-black-2-bucati;13.90
fără stoc;Bulbi de Zambile „Eros”, 2 bucați;Bulbi de Zambila;https://pepinieraromaniei.ro/products/bulbi-de-zambile-eros-2-bucati;11.90
fără stoc;Bulbi de Zambile „Midnight Mystique”, 2 Bucăți;Bulbi de Zambila;https://pepinieraromaniei.ro/products/bulbi-de-zambile-midnight-mystique-2-bucati;13.90
fără stoc;Bulbi de Zambile „Chicago”, 2 Bucăți;Bulbi de Zambila;https://pepinieraromaniei.ro/products/bulbi-de-zambile-chicago-2-bucati;10.90
fără stoc;Bulbi de Zambile „Prince of Love”, 2 Bucăți;Bulbi de Zambila;https://pepinieraromaniei.ro/products/bulbi-de-zambile-prince-of-love-2-bucati;9.90
fără stoc;Bulbi de Zambile „Aiolos”, 2 Bucăți;Bulbi de Zambila;https://pepinieraromaniei.ro/products/bulbi-de-zambile-aiolos-2-bucatia;9.90
fără stoc;Bulbi de Brândușe „Vanguard”, 5 Bucăți;Bulbi de Branduse;https://pepinieraromaniei.ro/products/bulbi-de-branduse-vanguard-5-bucati;9.90
fără stoc;Bulbi de Brândușe „Remembrance”, 5 Bucăți;Bulbi de Branduse;https://pepinieraromaniei.ro/products/bulbi-de-branduse-remembrance-5-bucati;11.90
fără stoc;Bulbi de Brândușe „Pickwick”, 5 Bucăți;Bulbi de Branduse;https://pepinieraromaniei.ro/products/bulbi-de-branduse-pickwick-5-bucati;11.90
fără stoc;Bulbi de Brândușe „Grand Maitre”, 5 Bucăți;Bulbi de Branduse;https://pepinieraromaniei.ro/products/bulbi-de-branduse-grand-maitre-5-bucati;10.90
fără stoc;Bulbi de Brândușe „Golden Yellow”, 5 Bucăți;Bulbi de Branduse;https://pepinieraromaniei.ro/products/bulbi-de-branduse-golden-yellow-5-bucati;13.90
fără stoc;Bulbi de Brândușe „Flower Record”, 5 Bucăți;Bulbi de Branduse;https://pepinieraromaniei.ro/products/bulbi-de-branduse-flower-record-5-bucati;11.90
fără stoc;Bulbi de Brândușe „Ruby Gigant”, 5 Bucăți;Bulbi de Branduse;https://pepinieraromaniei.ro/products/bulbi-de-branduse-ruby-gigant-5-bucati;11.90
fără stoc;Bulbi de Brândușe „Goldilocks”, 5 Bucăți;Bulbi de Branduse;https://pepinieraromaniei.ro/products/bulbi-de-branduse-goldilocks-5-bucati;13.90
fără stoc;Bulbi de Brândușe „Ard Schenk”, 5 Bucăți;Bulbi de Branduse;https://pepinieraromaniei.ro/products/bulbi-de-branduse-ard-schenk-5-bucati;11.90
fără stoc;Bulbi de Brândușe „Advance”, 5 Bucăți;Bulbi de Branduse;https://pepinieraromaniei.ro/products/bulbi-de-branduse-advance-5-bucati;11.90
fără stoc;Bulbi de Muscari „Mountain Lady”, 5 Bucăți;Bulbi de Muscari;https://pepinieraromaniei.ro/products/bulbi-de-muscari-mountain-lady-5-bucati;11.90
fără stoc;Bulbi de Muscari „Grape Ice”, 5 Bucăți;Bulbi de Muscari;https://pepinieraromaniei.ro/products/bulbi-de-muscari-grape-ice-5-bucati;13.90
fără stoc;Bulbi de Muscari „Joyce Spirit”, 5 Bucăți;Bulbi de Muscari;https://pepinieraromaniei.ro/products/bulbi-de-muscari-joyce-spirit-5-bucati;11.90
fără stoc;Bulbi de Muscari „Botryoides Album”, 5 Bucăți;Bulbi de Muscari;https://pepinieraromaniei.ro/products/bulbi-de-muscari-botryoides-album-5-bucati;13.90
fără stoc;Bulbi de Muscari „Plumosun”, 5 Bucăți;Bulbi de Muscari;https://pepinieraromaniei.ro/products/bulbi-de-muscari-plumosun-5-bucati;13.90
fără stoc;Bulbi de Muscari „Superstar”, 5 Bucăți;Bulbi de Muscari;https://pepinieraromaniei.ro/products/bulbi-de-muscari-superstar-5-bucati;11.90
fără stoc;Bulbi de Muscari „Baby's Breath”, 5 Bucăți;Bulbi de Muscari;https://pepinieraromaniei.ro/products/bulbi-de-muscari-babys-breath-5-bucati;13.90
fără stoc;Bulbi de Muscari „Blue Magic”, 5 Bucăți;Bulbi de Muscari;https://pepinieraromaniei.ro/products/bulbi-de-muscari-blue-magic-5-bucati;11.90
fără stoc;Bulbi de Muscari „Nature's Beauty”, 5 Bucăți;Bulbi de Muscari;https://pepinieraromaniei.ro/products/bulbi-de-muscari-natures-beauty-5-bucati;11.90
fără stoc;Bulbi de Muscari „Siberian Tiger”, 5 Bucăți;Bulbi de Muscari;https://pepinieraromaniei.ro/products/bulbi-de-muscari-siberian-tiger-5-bucati;13.90
fără stoc;Bulbi de Muscari „Night Eyes”, 5 Bucăți;Bulbi de Muscari;https://pepinieraromaniei.ro/products/bulbi-de-muscari-night-eyes-5-bucati;13.90
bulbi/bujori/lalele (zona Fitza);Bulbi de Narcise „Butterfly Mix”,  10 Bucati;Bulbi de Narcise;https://pepinieraromaniei.ro/products/bulbi-narcise-butterfly;51.90
bulbi/bujori/lalele (zona Fitza);Bulbi de Narcise „Papillon Blanc”, 2 Bucati;Bulbi de Narcise;https://pepinieraromaniei.ro/products/bulbi-de-narcise-papillon-blanc-2-bucati;8.90
bulbi/bujori/lalele (zona Fitza);Bulbi de Narcise „Sunny Girlfriend”, 2 Bucati;Bulbi de Narcise;https://pepinieraromaniei.ro/products/bulbi-de-narcise-sunny-girlfriend-2-bucati;11.90
bulbi/bujori/lalele (zona Fitza);Bulbi de Narcise „Slice of Life”, 2 Bucati;Bulbi de Narcise;https://pepinieraromaniei.ro/products/bulbi-de-narcise-slice-of-life-2-bucati;11.90
bulbi/bujori/lalele (zona Fitza);Bulbi de Narcise „Orangery”, 2 Bucati;Bulbi de Narcise;https://pepinieraromaniei.ro/products/bulbi-de-narcise-orangery-2-bucati;9.90
bulbi/bujori/lalele (zona Fitza);Bulbi de Narcise „Lemon Beauty”, 2 Bucati;Bulbi de Narcise;https://pepinieraromaniei.ro/products/bulbi-de-narcise-lemon-beauty-2-bucati;10.90
bulbi/bujori/lalele (zona Fitza);Bulbi de Narcise „Belcanto”, 2 Bucati;Bulbi de Narcise;https://pepinieraromaniei.ro/products/bulbi-de-narcise-belcanto-2-bucati;8.90
bulbi/bujori/lalele (zona Fitza);Bulbi de Narcise „Gold Disc”, 2 Bucati;Bulbi de Narcise;https://pepinieraromaniei.ro/products/bulbi-de-narcise-gold-disc-2-bucati;6.90
bulbi/bujori/lalele (zona Fitza);Bulbi de Narcise „Polar”, 2 Bucati;Bulbi de Narcise;https://pepinieraromaniei.ro/products/bulbi-de-narcise-paperwhite-2-bucati;6.90
bulbi/bujori/lalele (zona Fitza);Bulbi de Narcise „Grand Soleil d'Or”, 2 Bucati;Bulbi de Narcise;https://pepinieraromaniei.ro/products/bulbi-de-narcise-grand-soleil-dor-2-bucati;9.90
bulbi/bujori/lalele (zona Fitza);Bulbi de Narcise „Sir Winston Churchill”, 2 Bucati;Bulbi de Narcise;https://pepinieraromaniei.ro/products/bulbi-de-narcise-sir-winston-churchill-2-bucati;13.90
bulbi/bujori/lalele (zona Fitza);Bulbi de Narcise „Yellow Cheerfulness”, 2 Bucati;Bulbi de Narcise;https://pepinieraromaniei.ro/products/bulbi-de-narcise-yellow-cheerfulness-2-bucati;11.90
bulbi/bujori/lalele (zona Fitza);Bulbi de Narcise „Geranium”, 2 Bucati;Bulbi de Narcise;https://pepinieraromaniei.ro/products/bulbi-de-narcise-geranium-2-bucati;9.90
bulbi/bujori/lalele (zona Fitza);Bulbi de Narcise „Cheerfulness”, 2 Bucati;Bulbi de Narcise;https://pepinieraromaniei.ro/products/bulbi-de-narcise-cheerfulness-2-bucati;11.90
bulbi/bujori/lalele (zona Fitza);Bulbi de Narcise „Bridal Crown”, 2 Bucati;Bulbi de Narcise;https://pepinieraromaniei.ro/products/bulbi-de-narcise-bridal-crown-2-bucati;11.90
bulbi/bujori/lalele (zona Fitza);Bulbi de Narcise „Kedron”, 2 Bucati;Bulbi de Narcise;https://pepinieraromaniei.ro/products/bulbi-de-narcise-kedron-2-bucati;9.90
bulbi/bujori/lalele (zona Fitza);Bulbi de Narcise „Barrett Browning”, 2 Bucati;Bulbi de Narcise;https://pepinieraromaniei.ro/products/bulbi-de-narcise-barrett-browning-2-bucati;10.90
bulbi/bujori/lalele (zona Fitza);Bulbi de Narcise „Actaea”, 2 Bucati;Bulbi de Narcise;https://pepinieraromaniei.ro/products/bulbi-de-narcise-actaea-2-bucati;8.90
bulbi/bujori/lalele (zona Fitza);Bulbi de Narcise „Dubbel Mix”, 10 Bucati;Bulbi de Narcise;https://pepinieraromaniei.ro/products/bulbi-de-narcise-dubbel-mix-2-bucati;63.90
bulbi/bujori/lalele (zona Fitza);Bulbi de Narcise „Westward”, 2 Bucati;Bulbi de Narcise;https://pepinieraromaniei.ro/products/bulbi-de-narcise-westward-2-bucati;11.90
bulbi/bujori/lalele (zona Fitza);Bulbi de Narcise „Queen's Day”, 2 Bucati;Bulbi de Narcise;https://pepinieraromaniei.ro/products/bulbi-de-narcise-queens-day-2-bucati;10.90
bulbi/bujori/lalele (zona Fitza);Bulbi de Narcise „My Story”, 2 Bucati;Bulbi de Narcise;https://pepinieraromaniei.ro/products/bulbi-de-narcise-my-story-2-bucati;11.90
bulbi/bujori/lalele (zona Fitza);Bulbi de Narcise „Dick Wilden”, 2 Bucati;Bulbi de Narcise;https://pepinieraromaniei.ro/products/bulbi-de-narcise-dick-wilden-2-bucati;10.90
bulbi/bujori/lalele (zona Fitza);Bulbi de Narcise „Pink Charm”, 2 Bucati;Bulbi de Narcise;https://pepinieraromaniei.ro/products/bulbi-de-narcise-pink-charm-2-bucati;11.90
bulbi/bujori/lalele (zona Fitza);Bulbi de Narcise „Mon Cheri”, 2 Bucati;Bulbi de Narcise;https://pepinieraromaniei.ro/products/bulbi-de-narcise-mon-cheri-2-bucati;10.90
bulbi/bujori/lalele (zona Fitza);Bulbi de Narcise „Delnashaugh”, 2 Bucati;Bulbi de Narcise;https://pepinieraromaniei.ro/products/bulbi-de-narcise-delnashaugh-2-bucati;11.90
bulbi/bujori/lalele (zona Fitza);Bulbi de Narcise „Flower Drift”, 2 Bucati;Bulbi de Narcise;https://pepinieraromaniei.ro/products/bulbi-de-narcise-flower-drift-2-bucati;12.90
bulbi/bujori/lalele (zona Fitza);Bulbi de Narcise „Milena”, 2 Bucati;Bulbi de Narcise;https://pepinieraromaniei.ro/products/bulbi-de-narcise-milena-2-bucati;11.90
fără stoc;Bulbi de Zambile „Double White”, 2 Bucăți;Bulbi de Zambila;https://pepinieraromaniei.ro/products/bulbi-de-zambile-double-white-2-bucati;10.90
fără stoc;Bulbi de Zambile „Double Pink”, 2 Bucăți;Bulbi de Zambila;https://pepinieraromaniei.ro/products/bulbi-de-zambile-double-pink-2-bucati;10.90
fără stoc;Bulbi de Zambile „Double Blue”, 2 Bucăți;Bulbi de Zambila;https://pepinieraromaniei.ro/products/bulbi-de-zambile-double-blue-2-bucati;13.90
fără stoc;Bulbi de Zambile „Multiflora White”, 2 Bucăți;Bulbi de Zambila;https://pepinieraromaniei.ro/products/bulbi-de-zambile-multiflora-white-2-bucati;11.90
fără stoc;Bulbi de Zambile „Multiflora Pink”, 2 Bucăți;Bulbi de Zambila;https://pepinieraromaniei.ro/products/bulbi-de-zambile-multiflora-pink-2-bucati;11.90
fără stoc;Bulbi de Zambile „Multiflora Blue”, 2 Bucăți;Bulbi de Zambila;https://pepinieraromaniei.ro/products/bulbi-de-zambile-multiflora-blue-2-bucati;11.90
fără stoc;Bulbi de Zambile „Splendid Cornelia”, 2 Bucăți;Bulbi de Zambila;https://pepinieraromaniei.ro/products/bulbi-de-zambile-splendid-cornelia-2-bucati;11.90
fără stoc;Bulbi de Zambile „Pink Surprise”, 2 Bucăți;Bulbi de Zambila;https://pepinieraromaniei.ro/products/bulbi-de-zambile-pink-surprise-2-bucati;11.90
fără stoc;Bulbi de Zambile „Delfts Blauw”, 2 Bucăți;Bulbi de Zambila;https://pepinieraromaniei.ro/products/bulbi-de-zambile-delfts-blauw-2-bucati;11.90
fără stoc;Bulbi de Zambile „City of Haarlem”, 2 Bucăți;Bulbi de Zambila;https://pepinieraromaniei.ro/products/bulbi-de-zambile-city-of-haarlem-2-bucati;11.90
fără stoc;Bulbi de Zambile „Carnegie”, 2 Bucăți;Bulbi de Zambila;https://pepinieraromaniei.ro/products/bulbi-de-zambile-carnegie-2-bucati;11.90
fără stoc;Branduse de Toamna „Colchicum Waterlily”, 1 Bucata;Bulbi de Branduse de Toamna;https://pepinieraromaniei.ro/products/branduse-toamna-waterlily;17.90
fără stoc;Branduse de Toamna „Colchicum Cilicicum”, 1 Bucata;Bulbi de Branduse de Toamna;https://pepinieraromaniei.ro/products/branduse-toamna-colchicum;17.90
fără stoc;Branduse de Toamna „Colchicum Autumnale Album”, 1 Bucata;Bulbi de Branduse de Toamna;https://pepinieraromaniei.ro/products/branduse-toamna-album;17.90
fără stoc;Bulbi de Brândușe „Speciosus Conqueror”, 5 Bucăți;Bulbi de Branduse;https://pepinieraromaniei.ro/products/bulbi-de-branduse-speciosus-conqueror-5-bucati;13.90
fără stoc;Bulbi de Brândușe „Speciosus Albus”, 5 Bucăți;Bulbi de Branduse;https://pepinieraromaniei.ro/products/bulbi-de-branduse-speciosus-5-bucati;11.90
fără stoc;Bulbi de Brândușe „Speciosus”, 5 Bucăți;Bulbi de Branduse;https://pepinieraromaniei.ro/products/bulbi-de-branduse-crocus-speciosus-5-bucati;9.90
fără stoc;Branduse de Toamna „Colchicum Gigant”, 1 Bucata;Bulbi de Branduse de Toamna;https://pepinieraromaniei.ro/products/branduse-toamna-gigant;17.90
fără stoc;Branduse de Toamna „Colchicum Byzantinum”, 1 Bucata;Bulbi de Branduse de Toamna;https://pepinieraromaniei.ro/products/brandusa-toamna;17.90
fără stoc;Bulbi de Dalia Inalta „Marble Ball”, 1 Bucata;Bulbi de Dalia;https://pepinieraromaniei.ro/products/dalia-marble-ball;31.90
fără stoc;Bulbi de Dalia Inalta „Ariko”, 1 Bucata;Bulbi de Dalia;https://pepinieraromaniei.ro/products/bulbi-dalia-ariko;31.90
fără stoc;Bulbi de Dalia Inalta „Duet”, 1 Bucata;Bulbi de Dalia;https://pepinieraromaniei.ro/products/bulbi-dalia-duet;31.90
fără stoc;Bulbi de Dalia Inalta „Arabian Night”, 1 Bucata;Bulbi de Dalia;https://pepinieraromaniei.ro/products/bulbi-dalia-arabian;31.90
fără stoc;Bulbi de Dalia Inalta „Blackberry Ripple”, 1 Bucata;Bulbi de Dalia;https://pepinieraromaniei.ro/products/blackberry-ripple-bulbi;31.90
fără stoc;Bulbi de Dalia Inalta „Fleurel”, 1 Bucata;Bulbi de Dalia;https://pepinieraromaniei.ro/products/bulbi-dalia-fleurel;31.90
fără stoc;Bulbi de Dalia Inalta „Garden Wonder”, 1 Bucata;Bulbi de Dalia;https://pepinieraromaniei.ro/products/dalia-garden-wonder;31.90
fără stoc;Bulbi de Dalia Inalta „Double Jill”, 1 Bucata;Bulbi de Dalia;https://pepinieraromaniei.ro/products/dalia-double-jill;31.90
fără stoc;Bulbi de Dalia Inalta „Maxime”, 1 Bucata;Bulbi de Dalia;https://pepinieraromaniei.ro/products/bulbi-dalia-maxime;31.90
fără stoc;Bulbi de Dalia Inalta „Mystery Day”, 1 Bucata;Bulbi de Dalia;https://pepinieraromaniei.ro/products/mystery-day-dalia;31.90
fără stoc;Bulbi de Dalia Inalta „Tartan”, 1 Bucata;Bulbi de Dalia;https://pepinieraromaniei.ro/products/bulbi-dalia-tartan;31.90
fără stoc;Bulbi de Dalia Inalta „Tsuki-Yori-No-Shisha”, 1 Bucata;Bulbi de Dalia;https://pepinieraromaniei.ro/products/dalia-tsuki-yori;31.90
fără stoc;Bulbi de Dalia Inalta „Thomas A. Edison”, 1 Bucata;Bulbi de Dalia;https://pepinieraromaniei.ro/products/dalia-thomas-edison;31.90
fără stoc;Bulbi de Dalia Inalta „Rip City”, 1 Bucata;Bulbi de Dalia;https://pepinieraromaniei.ro/products/dalia-rip-city;31.90
fără stoc;Bulbi de Dalia Inalta „Vancouver”, 1 Bucata;Bulbi de Dalia;https://pepinieraromaniei.ro/products/dalia-vancouver;31.90
fără stoc;Bulbi de Dalia Inalta „Kogane Fubuki”, 1 Bucata;Bulbi de Dalia;https://pepinieraromaniei.ro/products/bulbi-kogane-fubuki;31.90
fără stoc;Bulbi de Dalia Inalta „Dark Spirit”, 1 Bucata;Bulbi de Dalia;https://pepinieraromaniei.ro/products/dalia-dark-spirit;31.90
fără stoc;Bulbi de Dalia Inalta „Blue Bayou”, 1 Bucata;Bulbi de Dalia;https://pepinieraromaniei.ro/products/dalia-blue-bayou;31.90
fără stoc;Bulbi de Dalia Inalta „Rainbow Silence”, 1 Bucata;Bulbi de Dalia;https://pepinieraromaniei.ro/products/bulbi-dalia-rainbow;31.90
fără stoc;Bulbi de Dalia Inalta „Table Dancer”, 1 Bucata;Bulbi de Dalia;https://pepinieraromaniei.ro/products/dalia-table-dancer;31.90
fără stoc;Bulbi de Dalia Pitica „Tricolore”, 1 Bucata;Bulbi de Dalia;https://pepinieraromaniei.ro/products/bulbi-dalia-tricolore;25.90
fără stoc;Bulbi de Dalia Pitica „Bon Odori”, 1 Bucata;Bulbi de Dalia;https://pepinieraromaniei.ro/products/dalia-bon-odori;25.90
fără stoc;Bulbi de Dalia Pitica „Toto”, 1 Bucata;Bulbi de Dalia;https://pepinieraromaniei.ro/products/dalia-pitica-toto;25.90
fără stoc;Bulbi de Dalia Pitica „Take Off”, 1 Bucata;Bulbi de Dalia;https://pepinieraromaniei.ro/products/bulbi-dalia-pitica;25.90
fără stoc;Bulbi de Dalia Pitica „Mary Eveline”, 1 Bucata;Bulbi de Dalia;https://pepinieraromaniei.ro/products/dalia-pitica-mary-eveline;25.90
fără stoc;Bulbi de Dalia Pitica „Pasadoble”, 1 Bucata;Bulbi de Dalia;https://pepinieraromaniei.ro/products/dalia-pitica-pasadoble;25.90
fără stoc;Bulbi de Dalia Pitica „Teesbrooke Audrey”, 1 Bucata;Bulbi de Dalia;https://pepinieraromaniei.ro/products/dalia-pitica-audrey;25.90
fără stoc;Bulbi de Dalia Pitica „Polka”, 1 Bucata;Bulbi de Dalia;https://pepinieraromaniei.ro/products/dalia-polka;25.90
fără stoc;Bulbi de Dalia Pitica „Inca”, 1 Bucata;Bulbi de Dalia;https://pepinieraromaniei.ro/products/bulbi-dalia-inca;25.90
fără stoc;Pachet Promoțional Bulbi de Zambile Mixt, 50 Bucăți;Pachet Zambila;https://pepinieraromaniei.ro/products/pachet-promotional-bulbi-zambila-mix-50-bucati;385.90
fără stoc;Pachet Promotional Bulbi de Zambile Mixt, 30 Bucati;Pachet Zambila;https://pepinieraromaniei.ro/products/pachet-promotional-bulbi-zambila-mix-35-bucati;207.90
fără stoc;Pachet Promotional Bulbi de Zambile Mixt, 20 Bucati;Pachet Zambila;https://pepinieraromaniei.ro/products/pachet-promotional-bulbi-zambila-mix-20-bucati;143.90
bulbi/bujori/lalele (zona Fitza);Pachet Promotional Bulbi de Narcise Mix, 22 Bucati;Pachet Narcise;https://pepinieraromaniei.ro/products/narcise-mix-22-bucati;139.90
fără stoc;Pachet Promotional Bulbi de Zambile Mixt, 10 Bucati;Pachet Zambila;https://pepinieraromaniei.ro/products/pachet-promotional-bulbi-zambila-mix-10-bucati;75.90
bulbi/bujori/lalele (zona Fitza);Pachet Promotional Bulbi de Narcise Mix, 80 bucati;Pachet Narcise;https://pepinieraromaniei.ro/products/bulbi-mix-narcise;502.90
fără stoc;Pachet Promotional Bulbi de Branduse Mixt, 50 Bucati;Pachet Branduse;https://pepinieraromaniei.ro/products/branduse-mix-50;138.90
fără stoc;Pachet Promotional Bulbi de Branduse Mixt, 100 Bucati;Pachet Branduse;https://pepinieraromaniei.ro/products/branduse-mix-100-buc;254.90
fără stoc;Pachet Promotional Bulbi de Branduse Mixt, 25 Bucati;Pachet Branduse;https://pepinieraromaniei.ro/products/bulbi-branduse-mix;75.90
bulbi/bujori/lalele (zona Fitza);Bulbi de Narcise „Safina”, 2 Bucati;Bulbi de Narcise;https://pepinieraromaniei.ro/products/bulbi-de-narcise-safina-3-bucati-pachet;11.90
bulbi/bujori/lalele (zona Fitza);Bulbi de Narcise „Obdam”, 2 Bucati;Bulbi de Narcise;https://pepinieraromaniei.ro/products/bulbi-de-narcise-obdam-3-bucati-pachet;11.90
bulbi/bujori/lalele (zona Fitza);Bulbi de Narcise „Acropolis”, 2 Bucati;Bulbi de Narcise;https://pepinieraromaniei.ro/products/bulbi-de-narcise-acropolis-3-bucati-pachet;9.90
bulbi/bujori/lalele (zona Fitza);Bulbi de Narcise „Amadeus Mozart”, 2 Bucati;Bulbi de Narcise;https://pepinieraromaniei.ro/products/bulbi-de-narcise-amadeus-mozart-3-bucati-pachet;11.90
bulbi/bujori/lalele (zona Fitza);Bulbi de Narcise „Berlin”, 2 Bucati;Bulbi de Narcise;https://pepinieraromaniei.ro/products/bulbi-de-narcise-berlin-3-bucati-pachet;11.90
bulbi/bujori/lalele (zona Fitza);Bulbi de Narcise „Ice King”, 2 Bucati;Bulbi de Narcise;https://pepinieraromaniei.ro/products/bulbi-de-narcise-ice-king-3-bucati-pachet;11.90
bulbi/bujori/lalele (zona Fitza);Bulbi de Narcise „Replete”, 2 Bucati;Bulbi de Narcise;https://pepinieraromaniei.ro/products/bulbi-de-narcise-replete-3-bucati-pachet;11.90
fără stoc;Bulbi de Zambile „White Pearl”, 2 Bucati;Bulbi de Zambila;https://pepinieraromaniei.ro/products/bulbi-de-zambile-white-pearl-2-bucati-pachet;10.90
fără stoc;Bulbi de Zambile „Fondant”, 2 Bucati;Bulbi de Zambila;https://pepinieraromaniei.ro/products/bulbi-de-zambile-fondant-2-bucati-pachet;10.90
fără stoc;Bulbi de Zambile „Hollyhock”, 2 Bucati;Bulbi de Zambila;https://pepinieraromaniei.ro/products/bulbi-de-zambile-hollyhock-2-bucati-pachet;13.90
fără stoc;Bulbi de Zambile „Amethyst”, 2 Bucati;Bulbi de Zambila;https://pepinieraromaniei.ro/products/bulbi-de-zambile-amethyst-2-bucati-pachet;10.90
fără stoc;Seminte de Dalia Melanj, 0.4 gr;Seminte Dalie;https://pepinieraromaniei.ro/products/seminte-dalia-melanj;7.90
fără stoc;Bulbi de Branduse „Orange Monarch”, 5 Bucati;Bulbi de Branduse;https://pepinieraromaniei.ro/products/bulbi-de-branduse-orange-monarch-5-bucati-pachet;13.90
fără stoc;Bulbi de Branduse „Sieberi Sublimis Tricolor”, 5 Bucati;Bulbi de Branduse;https://pepinieraromaniei.ro/products/bulbi-de-branduse-siberi-sublimis-tricolor-5-bucati-pachet;11.90
fără stoc;Bulbi de Branduse „Blue Pearl”, 5 Bucati;Bulbi de Branduse;https://pepinieraromaniei.ro/products/bulbi-de-branduse-blue-pearl-5-bucati-pachet;13.90
fără stoc;Bulbi de Branduse „Snow Bunting”, 5 Bucati;Bulbi de Branduse;https://pepinieraromaniei.ro/products/bulbi-de-branduse-snow-bunting-5-bucati-pachet;11.90
fără stoc;Bulbi de Branduse „Cream Beauty”, 5 Bucati;Bulbi de Branduse;https://pepinieraromaniei.ro/products/bulbi-de-branduse-cream-beauty-5-bucati-pachet;13.90
fără stoc;Bulbi de Branduse „Prins Claus”, 5 Bucati;Bulbi de Branduse;https://pepinieraromaniei.ro/products/bulbi-de-branduse-prins-claus-5-bucati-pachet;11.90
fără stoc;Bulbi de Amaryllis „Lady Jane”, 1 Bucata;Bulbi de Amaryllis;https://pepinieraromaniei.ro/products/amaryllis-lady-jane;50.90
fără stoc;Bulbi de Amaryllis „Splash”, 1 Bucata;Bulbi de Amaryllis;https://pepinieraromaniei.ro/products/bulbi-amaryllis-splash;46.90
fără stoc;Bulbi de Amaryllis „Ambiance”, 1 Bucata;Bulbi de Amaryllis;https://pepinieraromaniei.ro/products/bulbi-amaryllis-ambiance;42.90
fără stoc;Bulbi de Amaryllis „Faro”, 1 Bucata;Bulbi de Amaryllis;https://pepinieraromaniei.ro/products/bulbi-amaryllis-faro;43.90
fără stoc;Bulbi de Amaryllis „Evergreen”, 1 Bucata;Bulbi de Amaryllis;https://pepinieraromaniei.ro/products/amaryllis-evergreen;45.90
fără stoc;Pachet Promotional Bulbi de Muscarii Mixt, 50 Bucati;Pachet Muscari;https://pepinieraromaniei.ro/products/muscarii-mixt-50-bucati;138.90
fără stoc;Pachet Promotional Bulbi de Muscarii Mixt, 25 Bucati;Pachet Muscari;https://pepinieraromaniei.ro/products/bulbi-muscarii-25buc;75.90
fără stoc;Pachet Promotional Bulbi de Muscarii Mixt, 10 Bucati;Pachet Muscari;https://pepinieraromaniei.ro/products/bulbi-muscarii-mixt;31.90
fără stoc;Bulbi de Muscari „Golden Fragrance”, 5 Bucati;Bulbi de Muscari;https://pepinieraromaniei.ro/products/bulbi-de-muscari-golden-fragance-5-bucati-pachet;13.90
fără stoc;Bulbi de Muscari „Comosum Pink”, 5 Bucati;Bulbi de Muscari;https://pepinieraromaniei.ro/products/bulbi-de-muscari-comosum-5-bucati-pachet;13.90
fără stoc;Bulbi de Muscari „Dark Eye”, 5 Bucati;Bulbi de Muscari;https://pepinieraromaniei.ro/products/bulbi-de-muscari-dark-eye-5-bucati-pachet;13.90
fără stoc;Bulbi de Muscari „Blue Spike”, 5 Bucati;Bulbi de Muscari;https://pepinieraromaniei.ro/products/bulbi-de-muscari-blue-spike-5-bucati-pachet;13.90
fără stoc;Bulbi de Muscari „Ocean Magic”, 5 Bucati;Bulbi de Muscari;https://pepinieraromaniei.ro/products/bulbi-de-muscari-ocean-magic-5-bucati-pachet;13.90
fără stoc;Bulbi de Muscari „Fantasy Creation”, 5 Bucati;Bulbi de Muscari;https://pepinieraromaniei.ro/products/bulbi-de-muscari-fantasy-creation-5-bucati-pachet;13.90
fără stoc;Bulbi de Muscari „Pink Sunrise”, 5 Bucati;Bulbi de Muscari;https://pepinieraromaniei.ro/products/bulbi-de-muscari-pink-sunrise-5-bucati-pachet;16.90
fără stoc;Bulbi de Dalie Inalta „Tyrell”, 1 Bucata;Bulbi de Dalia;https://pepinieraromaniei.ro/products/dalie-inalta-tyrell-1-bucata-pachet;31.90
fără stoc;Bulbi de Dalia Inalta „Spartacus”, 1 Bucata;Bulbi de Dalia;https://pepinieraromaniei.ro/products/dalia-spartacus;31.90
fără stoc;Bulbi de Dalia Inalta „Addison June”, 2 Bucati;Bulbi de Dalia;https://pepinieraromaniei.ro/products/addison-june-dalia;31.90
fără stoc;Bulbi de Dalia Inalta „Advance US”, 1 Bucata;Bulbi de Dalia;https://pepinieraromaniei.ro/products/bulbi-dalia-advance-us;31.90
fără stoc;Bulbi de Dalia Inalta „Bahama Mama”, 1 Bucata;Bulbi de Dalia;https://pepinieraromaniei.ro/products/bahama-mama-dalia;31.90
fără stoc;Bulbi de Dalia Inalta „Bodacious”, 1 Bucata;Bulbi de Dalia;https://pepinieraromaniei.ro/products/bulbi-dalia-bodacious;31.90
fără stoc;Bulbi de Dalia Inalta „El Paso”, 1 Bucata;Bulbi de Dalia;https://pepinieraromaniei.ro/products/dalie-inalta-el-paso-1-bucata-pachet;31.90
fără stoc;Bulbi de Dalia Inalta „Ferncliff Illusion”, 1 Bucata;Bulbi de Dalia;https://pepinieraromaniei.ro/products/ferncliff-illusion;31.90
fără stoc;Bulbi de Dalia Inalta „Lady Darlen”, 1 Bucata;Bulbi de Dalia;https://pepinieraromaniei.ro/products/dalia-lady-darlen;31.90
fără stoc;Bulbi de Dalia Inalta „Jowey Winnie”, 1 Bucata;Bulbi de Dalia;https://pepinieraromaniei.ro/products/dalia-jowey-winnie;31.90
fără stoc;Bulbi de Dalia Inalta „Lindsay Michelle”, 1 Bucata;Bulbi de Dalia;https://pepinieraromaniei.ro/products/bulbi-dalia-inalta;31.90
fără stoc;Bulbi de Dalia Inalta „Ryan C”, 1 Bucata;Bulbi de Dalia;https://pepinieraromaniei.ro/products/dalie-inalta-ryan-c-1-bucata-pachet;31.90
fără stoc;Bulbi de Dalia Pitica „Berliner Orange”, 2 Bucati;Bulbi de Dalia;https://pepinieraromaniei.ro/products/dalia-pitica-orange;25.90
fără stoc;Bulbi de Dalie Pitica „Bitsy”, 1 Bucata;Bulbi de Dalia;https://pepinieraromaniei.ro/products/dalie-pitica-bitsy-1-bucata-pachet;25.90
fără stoc;Bulbi de Dalie Pitica „Edge of Joy”, 1 Bucata;Bulbi de Dalia;https://pepinieraromaniei.ro/products/edge-joy-dalie;25.90
fără stoc;Bulbi de Dalie Pitica „Firepot”, 1 Bucata;Bulbi de Dalia;https://pepinieraromaniei.ro/products/dalie-pitica-firepot-1-bucata-pachet;25.90
fără stoc;Bulbi de Dalie Pitica „Kelsey Annie Joy”, 1 Bucata;Bulbi de Dalia;https://pepinieraromaniei.ro/products/dalia-pitica-kelsey;25.90
fără stoc;Bulbi de Dalie Pitica „Red Infusion”, 1 Bucata;Bulbi de Dalia;https://pepinieraromaniei.ro/products/bulbi-dalie-pitica;25.90
fără stoc;Bulbi de Dalie Pitica „Tahiti Sunrise”, 1 Bucata;Bulbi de Dalia;https://pepinieraromaniei.ro/products/dalia-pitica-tahiti-sun;25.90
fără stoc;Bulbi de Amaryllis „Giant Amadeus”, 1 Bucata;Bulbi de Amaryllis;https://pepinieraromaniei.ro/products/bulbi-amaryllis-amadeus;51.90
fără stoc;Bulbi de Amaryllis „Red Pearl”, 1 Bucata;Bulbi de Amaryllis;https://pepinieraromaniei.ro/products/amaryllis-red-pearl;48.90
fără stoc;Bulbi de Amaryllis „White Garden”, 1 Bucata;Bulbi de Amaryllis;https://pepinieraromaniei.ro/products/bulbi-amaryllis-white;36.90
fără stoc;Bulbi de Amaryllis „Striped Amadeus”, 1 Bucata;Bulbi de Amaryllis;https://pepinieraromaniei.ro/products/amaryllis-striped;53.90
fără stoc;Bulbi de Amaryllis „White Cream”, 1 Bucata;Bulbi de Amaryllis;https://pepinieraromaniei.ro/products/amaryllis-white-cream;41.90
fără stoc;Bulbi de Amaryllis „Striped Garden”, 1 Bucata;Bulbi de Amaryllis;https://pepinieraromaniei.ro/products/amaryllis-striped-garden;41.90
fără stoc;Bulbi de Amaryllis „White Amadeus”, 1 Bucata;Bulbi de Amaryllis;https://pepinieraromaniei.ro/products/amaryllis-white-amadeus;48.90
fără stoc;Bulbi de Amaryllis „Lemon Star”, 1 Bucata;Bulbi de Amaryllis;https://pepinieraromaniei.ro/products/amaryllis-lemon-star;38.90
fără stoc;Bulbi de Amaryllis „Horizon”, 1 Bucata;Bulbi de Amaryllis;https://pepinieraromaniei.ro/products/bulbi-amaryllis-horizon;45.90
fără stoc;Bulbi de Amaryllis „Sweet Nymph”, 1 Bucata;Bulbi de Amaryllis;https://pepinieraromaniei.ro/products/bulbi-amaryllis;55.90
fără stoc;Bulbi de Amaryllis „Spartacus”, 1 Bucata;Bulbi de Amaryllis;https://pepinieraromaniei.ro/products/amaryllis-spartacus;47.90
fără stoc;Bulbi de Amaryllis „Pleasure”, 1 Bucata;Bulbi de Amaryllis;https://pepinieraromaniei.ro/products/amaryllis-pleasure;45.90
fără stoc;Bulbi de Amaryllis „Terra Mystica”, 1 Bucata;Bulbi de Amaryllis;https://pepinieraromaniei.ro/products/bulbi-amaryllis-terra-m;49.90
fără stoc;Pachet Promotional Bulbi de Amarillys Mixt, 5 Bucati;Pachet Amaryllis;https://pepinieraromaniei.ro/products/pachet-promotional-amarillys-mixt;213.90
fără stoc;Bulbi de Amaryllis „Ferrari”, 1 Bucata;Bulbi de Amaryllis;https://pepinieraromaniei.ro/products/amaryllis-ferrari;45.90
fără stoc;Bulbi de Amaryllis „Happy Garden”, 1 Bucata;Bulbi de Amaryllis;https://pepinieraromaniei.ro/products/bulbi-de-amaryllis-hppy-garden;40.90
fără stoc;Bulbi de Amaryllis „Red Garden”, 1 Bucata;Bulbi de Amaryllis;https://pepinieraromaniei.ro/products/bulbi-de-amaryllis-red-garden;45.90
fără stoc;Bulbi de Amaryllis „Neon”, 1 Bucata;Bulbi de Amaryllis;https://pepinieraromaniei.ro/products/bulbi-de-amaryllis-neon;43.90
fără stoc;Bulbi de Amaryllis „Nymph”, 1 Bucata;Bulbi de Amaryllis;https://pepinieraromaniei.ro/products/bulbi-de-amaryllis-nymph;54.90
fără stoc;Pachet Promotional Bulbi de Amarillys Mixt, 15 Bucati;Pachet Amaryllis;https://pepinieraromaniei.ro/products/amarillys-mixt-15-bucati;635.90
fără stoc;Pachet Promotional Bulbi de Amarillys Mixt, 9 Bucati;Pachet Amaryllis;https://pepinieraromaniei.ro/products/bulbi-amarillys-mixt;392.90
fără stoc;Cătină Copac;Catina;https://pepinieraromaniei.ro/products/catina-copac;39.00
fără stoc;Pachet Promotional Bulbi de Muscarii Mixt;Pachet Muscari;https://pepinieraromaniei.ro/products/bulbi-muscari-mixt;22.90
fără stoc;Bulbi de Amaryllis „Amadeus Candy”, 1 Bucata;Bulbi de Amaryllis;https://pepinieraromaniei.ro/products/bulbi-de-amaryllis-amadeus-candy;54.90
fără stoc;Bulbi de Amaryllis „Spotlight”, 1 Bucata;Bulbi de Amaryllis;https://pepinieraromaniei.ro/products/bulbi-de-amaryllis-spotlight;41.90
fără stoc;Bulbi de Amaryllis „Silver Dream”, 1 Bucata;Bulbi de Amaryllis;https://pepinieraromaniei.ro/products/bulbi-de-amaryllis-silver-dream;45.90
fără stoc;Bulbi de Amaryllis „Monte Carlo”, 1 Bucata;Bulbi de Amaryllis;https://pepinieraromaniei.ro/products/bulbi-de-amaryllis-monte-carlo;48.90
fără stoc;Bulbi de Amaryllis „Magnum”, 1 Bucata;Bulbi de Amaryllis;https://pepinieraromaniei.ro/products/bulbi-de-amaryllis-magnum;47.90
fără stoc;Bulbi de Amaryllis „Read Pearl”, 1 Bucata;Bulbi de Amaryllis;https://pepinieraromaniei.ro/products/bulbi-de-amarillys-read-pearl;49.90
fără stoc;Bulbi de Amaryllis „Red Cream”, 1 Bucata;Bulbi de Amaryllis;https://pepinieraromaniei.ro/products/bulbi-de-amaryllis-red-cream;47.90
fără stoc;Bulbi de Amaryllis „Red Reality”, 1 Bucata;Bulbi de Amaryllis;https://pepinieraromaniei.ro/products/bulbi-de-amaryllis-red-reality;47.90
bulbi/bujori/lalele (zona Fitza);Bulbi de Dalie Mixt, 3 Bucati;Bulbi de Dalia;https://pepinieraromaniei.ro/products/bulbi-dalie-mixt;83.90
fără stoc;Pachet Promotional Bulbi de Branduse Mixt, 10 Bucati;Pachet Branduse;https://pepinieraromaniei.ro/products/bulbi-branduse-mixt;23.90
bulbi/bujori/lalele (zona Fitza);Pachet Promotional Bulbi de Narcise Mixt, 10 Bucati;Pachet Narcise;https://pepinieraromaniei.ro/products/bulbi-narcise-mix;63.90
fără stoc;Pachet Promotional Bulbi de Zambile Mixt, 100 Bucati;Pachet Zambila;https://pepinieraromaniei.ro/products/pachet-promotional-zambila-mix-1;627.90
fără stoc;Bulbi de Muscari „White Pearl”, 5 Bucati;Bulbi de Muscari;https://pepinieraromaniei.ro/products/white-pearl;14.90
fără stoc;Bulbi de Muscari „Latifolium”, 5 Bucati;Bulbi de Muscari;https://pepinieraromaniei.ro/products/latifolium;14.90
fără stoc;Bulbi de Muscari „Armeniacum”, 5 Bucati;Bulbi de Muscari;https://pepinieraromaniei.ro/products/armeniacum;14.90
fără stoc;Bulbi de Muscari „Comosum”, 5 Bucati;Bulbi de Muscari;https://pepinieraromaniei.ro/products/comosum;14.90
fără stoc;Bulbi de Branduse „Sativus Sofran”, 5 Bucati;Bulbi de Branduse;https://pepinieraromaniei.ro/products/sativus-sofran;14.90
fără stoc;Bulbi de Branduse „Romance Chrysanthus”, 5 Bucati;Bulbi de Branduse;https://pepinieraromaniei.ro/products/romance-chrysanthus;9.90
fără stoc;Bulbi de Branduse „King of the Striped Vernus”, 5 Bucati;Bulbi de Branduse;https://pepinieraromaniei.ro/products/king-of-the-striped-vernus;14.90
fără stoc;Bulbi de Branduse „Korolkowii”, 5 Bucati;Bulbi de Branduse;https://pepinieraromaniei.ro/products/korolkowii;14.90
fără stoc;Bulbi de Branduse „Jeanne D'arc”, 5 Bucati;Bulbi de Branduse;https://pepinieraromaniei.ro/products/jeanne-darc;14.90
fără stoc;Bulbi de Branduse „Firefly Sieberi”, 5 Bucati;Bulbi de Branduse;https://pepinieraromaniei.ro/products/firefly-sieberi;14.90
fără stoc;Bulbi de Branduse „Barr's Purple Tommasianus”, 5 Bucati;Bulbi de Branduse;https://pepinieraromaniei.ro/products/barrs-purple-tommasianus;11.90
fără stoc;Bulbi de Branduse „Fuscotinctus Chrysanthus”, 5 Bucati;Bulbi de Branduse;https://pepinieraromaniei.ro/products/fuscotinctus-chrysanthus;14.90
fără stoc;Bulbi de Branduse „Dorothy Chrysanthus”, 5 Bucati;Bulbi de Branduse;https://pepinieraromaniei.ro/products/dorothy-chrysanthus;14.90
fără stoc;Bulbi de Zambile „Yellow Queen”, 2 Bucati;Bulbi de Zambila;https://pepinieraromaniei.ro/products/yellow-queen;14.90
fără stoc;Bulbi de Zambile „Purple Sensation”, 2 Bucati;Bulbi de Zambila;https://pepinieraromaniei.ro/products/purple-sensation;14.90
fără stoc;Bulbi de Zambile „Woodstock”, 2 Bucati;Bulbi de Zambila;https://pepinieraromaniei.ro/products/woodstock;14.90
fără stoc;Bulbi de Zambile „Pink Pearl”, 2 Bucati;Bulbi de Zambila;https://pepinieraromaniei.ro/products/pink-pearl;10.90
fără stoc;Bulbi de Zambile „Miss Saigon”, 2 Bucati;Bulbi de Zambila;https://pepinieraromaniei.ro/products/miss-saigon;10.90
fără stoc;Bulbi de Zambile „China Pink”, 2 Bucati;Bulbi de Zambila;https://pepinieraromaniei.ro/products/china-pink;10.90
fără stoc;Bulbi de Zambile „Gipsy Princess”, 2 Bucati;Bulbi de Zambila;https://pepinieraromaniei.ro/products/gipsy-princess;14.90
fără stoc;Bulbi de Zambile „Jan Bos”, 2 Bucati;Bulbi de Zambila;https://pepinieraromaniei.ro/products/jan-bos;10.90
fără stoc;Bulbi de Zambile „Gipsy Queen”, 2 Bucati;Bulbi de Zambila;https://pepinieraromaniei.ro/products/gipsy-queen;14.90
fără stoc;Bulbi de Zambile „Aqua”, 2 Bucati;Bulbi de Zambila;https://pepinieraromaniei.ro/products/aqua;10.90
fără stoc;Bulbi de Zambile „Blue Trophy”, 2 Bucati;Bulbi de Zambila;https://pepinieraromaniei.ro/products/blue-trophy;10.90
fără stoc;Bulbi de Zambile „Apricot passion”, 2 Bucati;Bulbi de Zambila;https://pepinieraromaniei.ro/products/apricot-passion;10.90
fără stoc;Bulbi de Zambile „Blue Jacket”, 2 Bucati;Bulbi de Zambila;https://pepinieraromaniei.ro/products/blue-jacket;10.90
fără stoc;Nectarin Columnar;Nectarin Columnar;https://pepinieraromaniei.ro/products/nectarin-columnar;64.90
fără stoc;Visin Columnar;Visin Columnar;https://pepinieraromaniei.ro/products/1-bucata-pachet;64.90
fără stoc;Bulbi de Iris Germanica „Alien Queen”, 1 buc;Bulbi de Iris Germanica;https://pepinieraromaniei.ro/products/iris-germanica-alien-queen;24.90
fără stoc;Bulbi de Iris Germanica „Blood Eclipse”, 1 buc;Bulbi de Iris Germanica;https://pepinieraromaniei.ro/products/iris-germanica-blood-eclipse;24.90
fără stoc;Bulbi de  Iris Germanica „Lavender T”, 1 buc;Bulbi de Iris Germanica;https://pepinieraromaniei.ro/products/iris-germanica-lavender-t;24.90
fără stoc;Bulbi de Iris Germanica „Midnight Zebra”, 1 buc;Bulbi de Iris Germanica;https://pepinieraromaniei.ro/products/iris-germanica-midnight-zebra;24.90
fără stoc;Bulbi de  Iris Germanica „Toxic Diamond”, 1 buc;Bulbi de Iris Germanica;https://pepinieraromaniei.ro/products/iris-germanica-toxic-diamond;24.90
fără stoc;Bulbi de  Iris Germanica „Neon Inferno”, 1 buc;Bulbi de Iris Germanica;https://pepinieraromaniei.ro/products/iris-germanica-neon-inferno;24.90
fără stoc;Bulbi de Iris Germanica „ Mirage”, 1 buc;Bulbi de Iris Germanica;https://pepinieraromaniei.ro/products/bulbi-de-iris-germanica-mirage-1-buc;24.90
bulbi/bujori/lalele (zona Fitza);Bujor „Yelloween”;Bulbi de Bujor;https://pepinieraromaniei.ro/products/bujor-arbustiv-yelloween;76.90
bulbi/bujori/lalele (zona Fitza);Bujor „Red Mission”;Bulbi de Bujor;https://pepinieraromaniei.ro/products/bujor-arbustiv-red-mission;27.90
bulbi/bujori/lalele (zona Fitza);Bujor „Purple Sky”;Bulbi de Bujor;https://pepinieraromaniei.ro/products/bujor-arbustiv-purple-sky;43.90
bulbi/bujori/lalele (zona Fitza);Bujor „Black Moon”;Bulbi de Bujor;https://pepinieraromaniei.ro/products/bujor-arbustiv-black-moon;76.90
bulbi/bujori/lalele (zona Fitza);Promo Mix 5 Bulbi de Bujori;Pachet Bujor;https://pepinieraromaniei.ro/products/promo-mix-5-bulbi-de-bujori;219.90
bulbi/bujori/lalele (zona Fitza);Promo Mix 10 Bulbi de Bujori;Pachet Bujor;https://pepinieraromaniei.ro/products/promo-mix-10-bulbi-de-bujori;369.90
bulbi/bujori/lalele (zona Fitza);Bujor „Mondial”;Bulbi de Bujor;https://pepinieraromaniei.ro/products/bujor-arbustiv-mondial;41.90
bulbi/bujori/lalele (zona Fitza);Pachet Promotional Bulbi de Lalele Mixt, 50 Bucati;Pachet Lalele;https://pepinieraromaniei.ro/products/pachet-promotional-lalele-mix;110.90
bulbi/bujori/lalele (zona Fitza);Pachet Promotional Bulbi de Lalele Duble, 50 Bucati;Pachet Lalele;https://pepinieraromaniei.ro/products/pachet-promotional-bulbi-de-lalele-duble-50-bucati;110.90
fără stoc;Pachet Promotional Bulbi de Lalele Franjurate, 30 Bucati;Pachet Lalele;https://pepinieraromaniei.ro/products/pachet-promotional-bulbi-de-lalele-franjurate-30-bucat;66.90
bulbi/bujori/lalele (zona Fitza);Pachet Promotional Bulbi de Lalele Franjurate, 10 Bucati;Pachet Lalele;https://pepinieraromaniei.ro/products/pachet-promotional-bulbi-de-lalele-franjurate-30-bucati;22.90
bulbi/bujori/lalele (zona Fitza);Pachet Promotional Bulbi de Lalele Duble, 30 Bucati;Pachet Lalele;https://pepinieraromaniei.ro/products/pachet-promotional-bulbi-de-lalele-duble-30-bucati;66.90
bulbi/bujori/lalele (zona Fitza);Pachet Promoțional Bulbi de Lalele Mixt, 100 Bucăți;Pachet Lalele;https://pepinieraromaniei.ro/products/pachet-promotional-bulbi-lalele-mix-100-bucati;220.90
bulbi/bujori/lalele (zona Fitza);Pachet Promoțional Bulbi de Lalele Mixt, 200 Bucăți;Pachet Lalele;https://pepinieraromaniei.ro/products/pachet-promotional-bulbi-lalele-mix-200-bucati;385.90
fără stoc;Pachet Promotional Bulbi de Lalele Franjurate, 50 Bucati;Pachet Lalele;https://pepinieraromaniei.ro/products/pachet-promotional-bulbi-de-lalele-franjurate-50-bucati;110.90
bulbi/bujori/lalele (zona Fitza);Bulbi de Lalele „Palmyra”, 5 Bucăți;Bulbi de Lalele;https://pepinieraromaniei.ro/products/bulbi-de-lalele-palmyra-3-bucati-pachet;13.90
bulbi/bujori/lalele (zona Fitza);Bulbi de Lalele „Drumline”, 5 Bucăți;Bulbi de Lalele;https://pepinieraromaniei.ro/products/bulbi-de-lalele-drumline-3-bucati-pachet;13.90
bulbi/bujori/lalele (zona Fitza);Bulbi de Lalele „Nachtwacht”, 5 Bucăți;Bulbi de Lalele;https://pepinieraromaniei.ro/products/bulbi-de-lalele-nachtwacht-3-bucati-pachet;13.90
bulbi/bujori/lalele (zona Fitza);Bulbi de Lalele „Dream Touch”, 5 Bucăți;Bulbi de Lalele;https://pepinieraromaniei.ro/products/bulbi-de-lalele-dream-touch-3-bucati-pachet;13.90
bulbi/bujori/lalele (zona Fitza);Bulbi de Lalele „Copper Image”, 5 Bucăți;Bulbi de Lalele;https://pepinieraromaniei.ro/products/bulbi-de-lalele-copper-image-3-bucati-pachet;13.90
bulbi/bujori/lalele (zona Fitza);Bulbi de Lalele „Creme Upstar”, 5 Bucăți;Bulbi de Lalele;https://pepinieraromaniei.ro/products/bulbi-de-lalele-creme-upstar-3-bucati-pachet;13.90
bulbi/bujori/lalele (zona Fitza);Bulbi de Lalele „Blue Wow”, 5 Bucăți;Bulbi de Lalele;https://pepinieraromaniei.ro/products/blue-wow-bulbi;13.90
bulbi/bujori/lalele (zona Fitza);Bulbi de Lalele „Siesta”, 5 Bucăți;Bulbi de Lalele;https://pepinieraromaniei.ro/products/bulbi-de-lalele-siesta-3-bucati-pachet;13.90
bulbi/bujori/lalele (zona Fitza);Bulbi de Lalele „Gorilla”, 5 Bucăți;Bulbi de Lalele;https://pepinieraromaniei.ro/products/bulbi-de-lalele-gorilla-3-bucati-pachet;13.90
bulbi/bujori/lalele (zona Fitza);Bulbi de Lalele „Parrot King”, 5 Bucăți;Bulbi de Lalele;https://pepinieraromaniei.ro/products/bulbi-de-lalele-parrot-king-3-bucati-pachet;13.90
bulbi/bujori/lalele (zona Fitza);Bulbi de Lalele „Texas Gold”, 5 Bucăți;Bulbi de Lalele;https://pepinieraromaniei.ro/products/bulbi-de-lalele-texas-gold-3-bucati-pachet;13.90
bulbi/bujori/lalele (zona Fitza);Bulbi de Lalele „Silver Parrot”, 5 Bucăți;Bulbi de Lalele;https://pepinieraromaniei.ro/products/bulbi-de-lalele-silver-parrot-3-bucati-pachet;13.90
bulbi/bujori/lalele (zona Fitza);Bulbi de Lalele „White Parrot”, 5 Bucăți;Bulbi de Lalele;https://pepinieraromaniei.ro/products/bulbi-de-lalele-white-parrot-3-bucati-pachet;13.90
bulbi/bujori/lalele (zona Fitza);Bulbi de Lalele „Amazing Parrot”, 5 Bucăți;Bulbi de Lalele;https://pepinieraromaniei.ro/products/bulbi-de-lalele-amazing-parrot-3-bucati-pachet;13.90
bulbi/bujori/lalele (zona Fitza);Bulbi de Lalele „Garden Fire”, 5 Bucăți;Bulbi de Lalele;https://pepinieraromaniei.ro/products/bulbi-de-lalele-garden-fire-3-bucati-pachet;13.90
bulbi/bujori/lalele (zona Fitza);Bulbi de Lalele „Estella Rijnveld”, 5 Bucăți;Bulbi de Lalele;https://pepinieraromaniei.ro/products/bulbi-de-lalele-estella-rijnveld-3-bucati-pachet;13.90
bulbi/bujori/lalele (zona Fitza);Bulbi de Lalele „Flaming Spring Green”, 5 Bucăți;Bulbi de Lalele;https://pepinieraromaniei.ro/products/bulbi-lalele-flaming;13.90
bulbi/bujori/lalele (zona Fitza);Bulbi de Lalele „Gavota”, 5 Bucăți;Bulbi de Lalele;https://pepinieraromaniei.ro/products/bulbi-de-lalele-gavota-3-bucati-pachet;13.90
bulbi/bujori/lalele (zona Fitza);Bulbi de Lalele „Esperanto”,5 Bucăți;Bulbi de Lalele;https://pepinieraromaniei.ro/products/bulbi-de-lalele-esperanto-3-bucati-pachet;13.90
bulbi/bujori/lalele (zona Fitza);Bulbi de Lalele „Grand Perfection”, 5 Bucăți;Bulbi de Lalele;https://pepinieraromaniei.ro/products/bulbi-de-lalele-grand-perfection-3-bucati-pachet;13.90
bulbi/bujori/lalele (zona Fitza);Bulbi de Lalele „Artist”, 5 Bucăți;Bulbi de Lalele;https://pepinieraromaniei.ro/products/bulbi-de-lalele-artist-3-bucati-pachet;13.90
bulbi/bujori/lalele (zona Fitza);Bulbi de Lalele „China Town”, 5 Bucăți;Bulbi de Lalele;https://pepinieraromaniei.ro/products/bulbi-de-lalele-china-town-3-bucati-pachet;13.90
bulbi/bujori/lalele (zona Fitza);Bulbi de Lalele „Flaming Parrot”, 5 Bucăți;Bulbi de Lalele;https://pepinieraromaniei.ro/products/bulbi-de-lalele-flaming-parrot-3-bucati-pachet;13.90
bulbi/bujori/lalele (zona Fitza);Bulbi de Lalele „Green Wave”, 5 Bucăți;Bulbi de Lalele;https://pepinieraromaniei.ro/products/bulbi-de-lalele-green-wave-3-bucati-pachet;13.90
bulbi/bujori/lalele (zona Fitza);Pachet Promotional Bulbi de Lalele Darwin, 50 Bucati;Pachet Lalele;https://pepinieraromaniei.ro/products/pachet-promotional-bulbi-de-lalele-darwin-50-bucati;114.90
bulbi/bujori/lalele (zona Fitza);Pachet Promoțional Bulbi de Lalele Franjurate Fancy, 50 Bucăți;Pachet Lalele;https://pepinieraromaniei.ro/products/pachet-promotional-bulbi-de-lalele-franjurate-fancy-50-bucati;114.90
bulbi/bujori/lalele (zona Fitza);Pachet Promotional Bulbi de Lalele Duble Dark, 50 Bucati;Pachet Lalele;https://pepinieraromaniei.ro/products/pachet-promotional-bulbi-de-lalele-duble-dark-50-bucati;114.90
bulbi/bujori/lalele (zona Fitza);Pachet Promotional Bulbi de Lalele Fosteriana, 50 Bucati;Pachet Lalele;https://pepinieraromaniei.ro/products/pachet-promotional-bulbi-de-lalele-fosteriana-50-bucati;114.90
bulbi/bujori/lalele (zona Fitza);Pachet Promotional Bulbi de Lalele Franjurate Pastel, 20 Bucati;Pachet Lalele;https://pepinieraromaniei.ro/products/pachet-promotional-bulbi-de-lalele-franjurate-pastel-20-bucati;44.90
bulbi/bujori/lalele (zona Fitza);Bulbi de Lalele „Blushing Girl”, 5 Bucăți;Bulbi de Lalele;https://pepinieraromaniei.ro/products/bulbi-de-lalele-blushing-girl-3-bucati-pachet;13.90
bulbi/bujori/lalele (zona Fitza);Bulbi de Lalele „Finola”, 5 Bucati;Bulbi de Lalele;https://pepinieraromaniei.ro/products/finola;10.90
bulbi/bujori/lalele (zona Fitza);Bulbi de Lalele „Cummins”, 5 Bucăți;Bulbi de Lalele;https://pepinieraromaniei.ro/products/bulbi-de-lalele-cummins-3-bucati-pachet;13.90
bulbi/bujori/lalele (zona Fitza);Bulbi de Lalele „Fancy Frills”, 5 Bucăți;Bulbi de Lalele;https://pepinieraromaniei.ro/products/bulbi-de-lalele-fancy-frills-3-bucati-pachet;13.90
bulbi/bujori/lalele (zona Fitza);Bulbi de Lalele „Black Hero”, 5 Bucăți;Bulbi de Lalele;https://pepinieraromaniei.ro/products/bulbi-de-lalele-black-hero-5-bucati-pachet;13.90
bulbi/bujori/lalele (zona Fitza);Bulbi de Lalele „Amazing Grace”, 5 Bucăți;Bulbi de Lalele;https://pepinieraromaniei.ro/products/bulbi-de-lalele-amazing-grace-3-bucati-pachet;13.90
bulbi/bujori/lalele (zona Fitza);Bulbi de Lalele „Dance Line”, 5 Bucati;Bulbi de Lalele;https://pepinieraromaniei.ro/products/bulbi-de-lalele-dance-line-3-bucati-pachet;13.90
bulbi/bujori/lalele (zona Fitza);Bulbi de Lalele „Crystal Star”, 5 Bucati;Bulbi de Lalele;https://pepinieraromaniei.ro/products/crystal-star;10.90
bulbi/bujori/lalele (zona Fitza);Bulbi de Lalele „Blue Aimable”, 5 Bucati;Bulbi de Lalele;https://pepinieraromaniei.ro/products/bulbi-de-lalele-blue-aimable-2-bucati;13.90
bulbi/bujori/lalele (zona Fitza);Bulbi de Lalele „Double Focus”, 5 Bucati;Bulbi de Lalele;https://pepinieraromaniei.ro/products/double-focus;10.90
bulbi/bujori/lalele (zona Fitza);Lalele Barbados bulbi 5 Buc;Bulbi de Lalele;https://pepinieraromaniei.ro/products/bulbi-de-lalele-barbados-2-bucati;13.90
bulbi/bujori/lalele (zona Fitza);Lalele Bastia bulbi 5 buc;Bulbi de Lalele;https://pepinieraromaniei.ro/products/bulbi-lalele-bastia-2-bucati;13.90
bulbi/bujori/lalele (zona Fitza);Bulbi de Lalele „Cilesta”, 5 Bucati;Bulbi de Lalele;https://pepinieraromaniei.ro/products/cilesta;10.90
bulbi/bujori/lalele (zona Fitza);Lalele Colour Fusion bulbi 5 buc;Bulbi de Lalele;https://pepinieraromaniei.ro/products/bulbi-lalele-colour-fusion-5-bucati;13.90
bulbi/bujori/lalele (zona Fitza);Lalele Brest bulbi 5 buc;Bulbi de Lalele;https://pepinieraromaniei.ro/products/bulbi-lalele-brest-5-bucati;13.90
bulbi/bujori/lalele (zona Fitza);Bulbi de Lalele „Calgary”, 5 Bucati;Bulbi de Lalele;https://pepinieraromaniei.ro/products/calgary;10.90
bulbi/bujori/lalele (zona Fitza);Lalele Cabanna bulbi 5 buc;Bulbi de Lalele;https://pepinieraromaniei.ro/products/bulbi-lalele-cabanna-2-bucati;13.90
bulbi/bujori/lalele (zona Fitza);Lalele Crispion Sweet bulbi 5 buc;Bulbi de Lalele;https://pepinieraromaniei.ro/products/bulbi-lalele-crispion-sweet-2-bucati;13.90
bulbi/bujori/lalele (zona Fitza);Lalele Dreamer bulbi 5 buc;Bulbi de Lalele;https://pepinieraromaniei.ro/products/bulbi-de-lalele-double-sugar-2-bucati-0;13.90
bulbi/bujori/lalele (zona Fitza);Lalele Double Sugar bulbi 5 buc;Bulbi de Lalele;https://pepinieraromaniei.ro/products/bulbi-lalele-double-sugar-2-bucati;13.90
bulbi/bujori/lalele (zona Fitza);Bulbi de Lalele „Cacharel”, 5 Bucati;Bulbi de Lalele;https://pepinieraromaniei.ro/products/cacharel;10.90
bulbi/bujori/lalele (zona Fitza);Lalele Peggy Wonder bulbi 5 buc;Bulbi de Lalele;https://pepinieraromaniei.ro/products/bulbi-lalele-peggy-wonder-2-bucati;13.90
bulbi/bujori/lalele (zona Fitza);Lalele Snow Crystal bulbi 5 buc;Bulbi de Lalele;https://pepinieraromaniei.ro/products/bulbi-lalele-snow-crystal-2-bucati;13.90
bulbi/bujori/lalele (zona Fitza);Lalele Vanilie Coupe bulbi 5 buc;Bulbi de Lalele;https://pepinieraromaniei.ro/products/bulbi-lalele-vanilie-coupe-2-bucati;13.90
bulbi/bujori/lalele (zona Fitza);Bulbi de Lalele „Antoinette”, 5 Bucati;Bulbi de Lalele;https://pepinieraromaniei.ro/products/antoinette;12.90
bulbi/bujori/lalele (zona Fitza);Lalele Misterious Parrot bulbi 5 buc;Bulbi de Lalele;https://pepinieraromaniei.ro/products/bulbi-lalele-misterious-parrot-2-bucati;13.90
bulbi/bujori/lalele (zona Fitza);Lalele Blue Amethyst bulbi 5 buc;Bulbi de Lalele;https://pepinieraromaniei.ro/products/bulbi-de-lalele-blue-amethyst-2-bucati;13.90
bulbi/bujori/lalele (zona Fitza);Lalele Milky Way bulbi 5 buc;Bulbi de Lalele;https://pepinieraromaniei.ro/products/bulbi-lalele-milky-way-2-bucati;12.00
bulbi/bujori/lalele (zona Fitza);Bulbi de Crini  Dubli „Rainbow Explosion”- 30 buc;Bulbi de Crin;https://pepinieraromaniei.ro/products/bulbi-de-crini-rainbow-explosion-30-buc;174.90
bulbi/bujori/lalele (zona Fitza);Bulbi de Crini „Arctic Neon” 2 buc;Bulbi de Crin;https://pepinieraromaniei.ro/products/bulbi-de-crini-arctic-neon-2-buc;10.90
bulbi/bujori/lalele (zona Fitza);Bulbi de Crini „Tropical Shock” 2 buc;Bulbi de Crin;https://pepinieraromaniei.ro/products/bulbi-de-crini-tropical-shock-2-buc;10.90
bulbi/bujori/lalele (zona Fitza);Bulbi de Crini „Electric Queen” 2 buc;Bulbi de Crin;https://pepinieraromaniei.ro/products/bulbi-de-crini-electric-queen-2-buc;10.90
bulbi/bujori/lalele (zona Fitza);Bulbi de Crini „Neon Flame” 2 buc;Bulbi de Crin;https://pepinieraromaniei.ro/products/bulbi-de-crini-neon-flame-2-buc;10.90
bulbi/bujori/lalele (zona Fitza);Bulbi de Crini „Landini” 2 buc;Bulbi de Crin;https://pepinieraromaniei.ro/products/bulbi-de-crini-landini-2-buc;10.90
bulbi/bujori/lalele (zona Fitza);Bulbi de Crini „Noir” 2 buc;Bulbi de Crin;https://pepinieraromaniei.ro/products/bulbi-de-crini-noir-2-buc;10.90
bulbi/bujori/lalele (zona Fitza);Bulbi de Crini „Ad Rien” 2 buc;Bulbi de Crin;https://pepinieraromaniei.ro/products/bulbi-de-crini-ad-rien-2-buc;10.90
bulbi/bujori/lalele (zona Fitza);Bulbi de Crini „Loola” 2 buc;Bulbi de Crin;https://pepinieraromaniei.ro/products/bulbi-de-crini-loola-2-buc;10.90
bulbi/bujori/lalele (zona Fitza);Bulbi de Crini- Fer Rero- 2 buc;Bulbi de Crin;https://pepinieraromaniei.ro/products/bulbi-de-crini-fer-rero;12.90
bulbi/bujori/lalele (zona Fitza);Bulbi de Crini -Felino- 2 Buc;Bulbi de Crin;https://pepinieraromaniei.ro/products/bulbi-de-crini-felino;12.90
bulbi/bujori/lalele (zona Fitza);Bulbi de Crini -El Divo- 2 Buc;Bulbi de Crin;https://pepinieraromaniei.ro/products/bulbi-de-crini-el-divo;10.90
fără stoc;Magnolia „Sunrise”, la ghiveci;Magnolia;https://pepinieraromaniei.ro/products/magnolia-sunrise-la-ghiveci-1-bucata;36.90
fără stoc;Magnolia Stellata „Rosea”, la ghiveci;Magnolia;https://pepinieraromaniei.ro/products/magnolia-stellata-rosea-1-bucata-pachet;36.90
fără stoc;Magnolia „Ann”, la ghiveci;Magnolia;https://pepinieraromaniei.ro/products/magnolia-ann;36.90
fără stoc;Magnolia „Blue Opal”, la ghiveci;Magnolia;https://pepinieraromaniei.ro/products/magnolia-blue-opal-la-ghiveci-1-bucata;36.90
fără stoc;Magnolia „Yellow River”, la ghiveci;Magnolia;https://pepinieraromaniei.ro/products/magnolia-yellow-river-la-ghiveci-1-bucata;36.90
fără stoc;Magnolia „Nigra”, la ghiveci;Magnolia;https://pepinieraromaniei.ro/products/magnolia-nigra-la-ghiveci-1-bucata;36.90
fără stoc;Magnolia „Sunsation”, la ghiveci;Magnolia;https://pepinieraromaniei.ro/products/magnolia-sunsation;36.90
fără stoc;Magnolia „Butterflies”, la ghiveci;Magnolia;https://pepinieraromaniei.ro/products/magnolia-butterflies;36.90
fără stoc;Magnolia „Black Tulip”, la ghiveci;Magnolia;https://pepinieraromaniei.ro/products/magnolia-black-tulip;36.90
fără stoc;Magnolia „Betty”, la ghiveci;Magnolia;https://pepinieraromaniei.ro/products/magnolia-betty;36.90
fără stoc;Magnolia „Ricki”, la ghiveci;Magnolia;https://pepinieraromaniei.ro/products/magnolia-ricki;36.90
fără stoc;Magnolia „Genie”, la ghiveci;Magnolia;https://pepinieraromaniei.ro/products/magnolia-genie;36.90
fără stoc;Magnolia „Stellata”, la ghiveci;Magnolia;https://pepinieraromaniei.ro/products/magnolia-stellata;36.90
fără stoc;Magnolia „Yellow Bird”, la ghiveci;Magnolia;https://pepinieraromaniei.ro/products/magnolia-yellow-bird;36.90
fără stoc;Magnolia „Selena” - Ghiveci;Magnolia;https://pepinieraromaniei.ro/products/magnolia-selena-ghiveci;36.90
fără stoc;Magnolia „Purple Lucy”, la ghiveci;Magnolia;https://pepinieraromaniei.ro/products/magnolia-purple-lucy;36.90
fără stoc;Magnolia „Burgundy Star”, la ghiveci;Magnolia;https://pepinieraromaniei.ro/products/magnolia-burgundy-star;36.90
fără stoc;Magnolia „Old Port”, la ghiveci;Magnolia;https://pepinieraromaniei.ro/products/magnolia-old-port;36.90
bulbi/bujori/lalele (zona Fitza);Bulbi de Bujor „Lady Liberty”, 1 Radacina;Bulbi de Bujor;https://pepinieraromaniei.ro/products/bujor-lady-liberty-1-radacina;27.90
bulbi/bujori/lalele (zona Fitza);Bulbi de Bujor „Sarah Bernhartd”, 1 Radacina;Bulbi de Bujor;https://pepinieraromaniei.ro/products/bujor-sarah-bernhartd-1-radacina;32.90
bulbi/bujori/lalele (zona Fitza);Bulbi de Bujor „Sorbet”, 1 Radacina;Bulbi de Bujor;https://pepinieraromaniei.ro/products/bujor-sorbet-1-radacina;30.90
bulbi/bujori/lalele (zona Fitza);Bulbi de Bujor „Nippon Beauty”, 1 Radacina;Bulbi de Bujor;https://pepinieraromaniei.ro/products/bujor-nippon-beauty-1-radacina;27.90
bulbi/bujori/lalele (zona Fitza);Bulbi de Bujor „Coral Charm”, 1 Radacina;Bulbi de Bujor;https://pepinieraromaniei.ro/products/bujor-coral-charm-1-radacina;32.90
bulbi/bujori/lalele (zona Fitza);Bulbi de Bujor „Festiva Maxima”, 1 Radacina;Bulbi de Bujor;https://pepinieraromaniei.ro/products/bujor-festiva-maxima-1-radacina;27.90
bulbi/bujori/lalele (zona Fitza);Bulbi de Bujor „Jan von Leeuwen”, 1 Radacina;Bulbi de Bujor;https://pepinieraromaniei.ro/products/bujor-jan-von-leeuwen-1-radacina;41.00
bulbi/bujori/lalele (zona Fitza);Bulbi de Bujor „Bowl of Beauty”, 1 Radacina;Bulbi de Bujor;https://pepinieraromaniei.ro/products/bujor-bowl-of-beauty-1-radacina;27.90
bulbi/bujori/lalele (zona Fitza);Bulbi de Bujor „Black Beauty”, 1 Radacina;Bulbi de Bujor;https://pepinieraromaniei.ro/products/bujor-black-beauty-1-radacina;32.90
bulbi/bujori/lalele (zona Fitza);Bulbi de Bujor „Santa Fe”,1 Radacina;Bulbi de Bujor;https://pepinieraromaniei.ro/products/bujor-santa-fe-1-radacina;30.90
bulbi/bujori/lalele (zona Fitza);Bulbi de Bujor „Celebrite”, 1 Radacina;Bulbi de Bujor;https://pepinieraromaniei.ro/products/bujor-celebrite-1-radacina;30.90
bulbi/bujori/lalele (zona Fitza);Bulbi de Bujor „Bridal Icing”, 1 Radacina;Bulbi de Bujor;https://pepinieraromaniei.ro/products/bulbi-de-bujor-bridal-icing-1-radacina;27.90
bulbi/bujori/lalele (zona Fitza);Bulbi de Bujor „Blaze”, 1 Radacina;Bulbi de Bujor;https://pepinieraromaniei.ro/products/bulbi-de-bujor-blaze-1-radacina;27.90
bulbi/bujori/lalele (zona Fitza);Bulbi de Bujor „Anemoniflora”, 1 Radacina;Bulbi de Bujor;https://pepinieraromaniei.ro/products/bulbi-de-bujor-anemoniflora-1-radacina;27.90
bulbi/bujori/lalele (zona Fitza);Bulbi de Bujor „Christmas Velvet”, 1 Radacina;Bulbi de Bujor;https://pepinieraromaniei.ro/products/bujor-christmas-velvet;32.90
bulbi/bujori/lalele (zona Fitza);Bulbi de Bujor „Chiffon Parfait”, 1 Radacina;Bulbi de Bujor;https://pepinieraromaniei.ro/products/bulbi-de-bujor-chiffon-parfait-1-radacina;30.90
bulbi/bujori/lalele (zona Fitza);Bulbi de Bujor „Cherry Hill”, 1 Radacina;Bulbi de Bujor;https://pepinieraromaniei.ro/products/bujor-cherry-hill;27.90
bulbi/bujori/lalele (zona Fitza);Bulbi de Bujor „Candy Stripe”, 1 Radacina;Bulbi de Bujor;https://pepinieraromaniei.ro/products/bujor-candy-stripe;29.90
bulbi/bujori/lalele (zona Fitza);Bulbi de Bujor „Inspecteur Lavergne”, 1 Radacina;Bulbi de Bujor;https://pepinieraromaniei.ro/products/bulbi-de-bujor-inspecteur-lavergne-1-radacina;27.90
bulbi/bujori/lalele (zona Fitza);Bulbi de Bujor „Francoise Ortegat”, 1 Radacina;Bulbi de Bujor;https://pepinieraromaniei.ro/products/bulbi-de-bujor-francoise-ortegat-1-radacina;40.90
bulbi/bujori/lalele (zona Fitza);Bulbi de Bujor „Early Canary”, 1 Radacina;Bulbi de Bujor;https://pepinieraromaniei.ro/products/bulbi-de-bujor-early-canary-1-radacina;41.00
bulbi/bujori/lalele (zona Fitza);Bulbi de Bujor „Kansas”, 1 Radacina;Bulbi de Bujor;https://pepinieraromaniei.ro/products/bulbi-de-bujor-kansas-1-radacina;27.90
bulbi/bujori/lalele (zona Fitza);Bulbi de Bujor „Peter Brand”, 1 Radacina;Bulbi de Bujor;https://pepinieraromaniei.ro/products/bulbi-de-bujor-peter-brand-1-radacina;36.90
bulbi/bujori/lalele (zona Fitza);Bulbi de Bujor „Lemon Chiffon”, 1 Radacina;Bulbi de Bujor;https://pepinieraromaniei.ro/products/bulbi-de-bujor-lemon-chiffon-1-radacina;41.00
bulbi/bujori/lalele (zona Fitza);Bulbi de Bujor „Lois' Choice”, 1 Radacina;Bulbi de Bujor;https://pepinieraromaniei.ro/products/bulbi-de-bujor-lois-choice-1-radacina;37.90
bulbi/bujori/lalele (zona Fitza);Bulbi de Bujor „King's Day”, 1 Radacina;Bulbi de Bujor;https://pepinieraromaniei.ro/products/bulbi-de-bujor-kings-day-1-radacina;27.90
bulbi/bujori/lalele (zona Fitza);Bulbi de Bujor „Itoh Bartzella”, 1 Radacina;Bulbi de Bujor;https://pepinieraromaniei.ro/products/bulbi-de-bujor-itoh-bartzella-1-radacina;42.00
bulbi/bujori/lalele (zona Fitza);Bulbi de Bujor „White Cap”, 1 Radacina;Bulbi de Bujor;https://pepinieraromaniei.ro/products/bulbi-de-bujor-white-cap-1-radacina;38.90
bulbi/bujori/lalele (zona Fitza);Bulbi de Bujor „Top Hat”, 1 Radacina;Bulbi de Bujor;https://pepinieraromaniei.ro/products/bulbi-de-bujor-top-hat-1-radacina;32.90
bulbi/bujori/lalele (zona Fitza);Bulbi de Bujor „Red Charm”, 1 Radacina;Bulbi de Bujor;https://pepinieraromaniei.ro/products/bulbi-de-bujor-red-charm-1-radacina;36.90
bulbi/bujori/lalele (zona Fitza);Bujor „Bluey”;Bulbi de Bujor;https://pepinieraromaniei.ro/products/bujor-arbustiv-bluey;41.00
bulbi/bujori/lalele (zona Fitza);Bulbi de Begonia „Cotton Candy” 2 buc;Bulbi de Begonia;https://pepinieraromaniei.ro/products/bulbi-de-begonia-cotton-candy-2-buc;18.90
bulbi/bujori/lalele (zona Fitza);Bulbi de Begonie „White Spotted” 2 buc;Bulbi de Begonia;https://pepinieraromaniei.ro/products/bulbi-de-begonie-white-spotted-2-buc;18.90
bulbi/bujori/lalele (zona Fitza);Bulbi de Lalele „Safir Regal” 5 buc;Bulbi de Lalele;https://pepinieraromaniei.ro/products/bulbi-de-lalele-safir-regal-5-buc;15.00
bulbi/bujori/lalele (zona Fitza);Bulbi de Lalele „Laguna Turcoaz” 5 buc;Bulbi de Lalele;https://pepinieraromaniei.ro/products/bulbi-de-lalele-laguna-turcoaz-5-buc;14.00
bulbi/bujori/lalele (zona Fitza);Bulbi de Lalele „Explozie de Culori” 50 buc;Bulbi de Lalele;https://pepinieraromaniei.ro/products/bulbi-de-lalele-explozie-de-culori-40-buc;99.00
bulbi/bujori/lalele (zona Fitza);Bulbi de Lalele Duble Curcubeu 5 buc;Bulbi de Lalele;https://pepinieraromaniei.ro/products/bulbi-de-lalele-duble-curcubeu-5-buc;14.00
bulbi/bujori/lalele (zona Fitza);Bulbi de Lalele „Queen Garden” 5 buc;Bulbi de Lalele;https://pepinieraromaniei.ro/products/bulbi-de-lalele-queen-garden-5-buc;14.00
bulbi/bujori/lalele (zona Fitza);Bulbi de Lalele „Fantasia Nova” Mix 30 buc;Bulbi de Lalele;https://pepinieraromaniei.ro/products/bulbi-de-lalele-fantasia-nova-mix-30-buc;69.90
bulbi/bujori/lalele (zona Fitza);Bulbi de Lalele „Prisma” 5 buc;Bulbi de Lalele;https://pepinieraromaniei.ro/products/bulbi-de-lalele-prisma-5-buc;14.00
bulbi/bujori/lalele (zona Fitza);Pachet Promotional Bulbi de Anemone Mixt, 25 Bucati;Pachet Anemone;https://pepinieraromaniei.ro/products/bulbi-anemone-mixt;50.90
bulbi/bujori/lalele (zona Fitza);Bulbi de Lalele „Aphrodite”, 5 Bucati;Bulbi de Lalele;https://pepinieraromaniei.ro/products/aphrodite;12.00
bulbi/bujori/lalele (zona Fitza);Bulbi de Lalele „Apeldoorn”, 5 Bucati;Bulbi de Lalele;https://pepinieraromaniei.ro/products/apeldoorn;10.90
bulbi/bujori/lalele (zona Fitza);Bulbi de Lalele „Black Parrot”, 5 Bucati;Bulbi de Lalele;https://pepinieraromaniei.ro/products/bulbi-black-parrot;14.00
bulbi/bujori/lalele (zona Fitza);Bulbi de Lalele „Banja Luka”,5 Bucati;Bulbi de Lalele;https://pepinieraromaniei.ro/products/banja-luka;10.90
bulbi/bujori/lalele (zona Fitza);Bulbi de Lalele „Brisbane”, 5 Bucati;Bulbi de Lalele;https://pepinieraromaniei.ro/products/bulbi-lalele-brisbane;14.00
bulbi/bujori/lalele (zona Fitza);Bulbi de Lalele „Cairns”, 5 Bucati;Bulbi de Lalele;https://pepinieraromaniei.ro/products/cairns;13.00
bulbi/bujori/lalele (zona Fitza);Bulbi de Lalele „Calgary Flame”, 5 Bucati;Bulbi de Lalele;https://pepinieraromaniei.ro/products/calgary-flame;10.90
bulbi/bujori/lalele (zona Fitza);Bulbi de Lalele „Carnaval de Nice”, 5 Bucati;Bulbi de Lalele;https://pepinieraromaniei.ro/products/carnaval-de-nice;13.00
bulbi/bujori/lalele (zona Fitza);Bulbi de Lalele „Carnaval de Rio”, 5 Bucati;Bulbi de Lalele;https://pepinieraromaniei.ro/products/carnaval-de-rio;12.00
bulbi/bujori/lalele (zona Fitza);Bulbi de Lalele „Jan van Nes”, 5 Bucati;Bulbi de Lalele;https://pepinieraromaniei.ro/products/jan-van-nes;10.90
bulbi/bujori/lalele (zona Fitza);Bulbi de Lalele „Labrador”, 5 Bucati;Bulbi de Lalele;https://pepinieraromaniei.ro/products/labrador;13.00
bulbi/bujori/lalele (zona Fitza);Bulbi de Lalele „Negrita Parrot”, 5 Bucati;Bulbi de Lalele;https://pepinieraromaniei.ro/products/negrita-parrot;12.00
bulbi/bujori/lalele (zona Fitza);Bulbi de Lalele „Queen of Night”, 5 Bucati;Bulbi de Lalele;https://pepinieraromaniei.ro/products/queen-of-night;12.00
bulbi/bujori/lalele (zona Fitza);Bulbi de Lalele  Ice Cream Pachet Promoțional , 50 Bucăți;Pachet Lalele;https://pepinieraromaniei.ro/products/pachet-promotional-bulbi-de-ice-cream-50-bucati;119.90
bulbi/bujori/lalele (zona Fitza);Bulbi de Lalele Lily Pachet Promoțional , 50 Bucăți;Pachet Lalele;https://pepinieraromaniei.ro/products/pachet-promotional-bulbi-de-lalele-lily-50-bucati;110.90
bulbi/bujori/lalele (zona Fitza);Lalele Hybrid Mix Pachet bulbi 200 buc;Pachet Lalele;https://pepinieraromaniei.ro/products/pachet-promotional-bulbi-de-lalele-garden-mixt-50-bucati;375.00
bulbi/bujori/lalele (zona Fitza);Bulbi de Lalele Hybrid Pachet Promoțional Mixt, 50 Bucăți;Pachet Lalele;https://pepinieraromaniei.ro/products/pachet-promotional-bulbi-de-lalele-hybrid-mixt-50-bucati;110.90
bulbi/bujori/lalele (zona Fitza);Bulbi de Lalele Hybrid Pachet Promoțional Mixt, 100 Bucăți;Pachet Lalele;https://pepinieraromaniei.ro/products/pachet-promotional-bulbi-de-lalele-hybrid-mixt-100-bucati;198.90
bulbi/bujori/lalele (zona Fitza);Pachet 10 Bulbi de Begonia - Flori Perene;Bulbi de Begonia;https://pepinieraromaniei.ro/products/pachet-10-bulbi-de-begonia-flori-perene;94.90
bulbi/bujori/lalele (zona Fitza);Pachet 10 Bulbi de Begonia - Flori Curgătoare;Bulbi de Begonia;https://pepinieraromaniei.ro/products/pachet-10-bulbi-de-begonia-flori-curgatoare;95.99
bulbi/bujori/lalele (zona Fitza);Pachet 10 Bulbi de Gloxinia - Flori Perene;Bulbi de Gloxinia;https://pepinieraromaniei.ro/products/pachet-10-bulbi-de-gloxinia-flori-perene;139.90
bulbi/bujori/lalele (zona Fitza);Pachet 5 Bulbi de Gloxinia - Flori Perene;Bulbi de Gloxinia;https://pepinieraromaniei.ro/products/pachet-5-bulbi-de-gloxinia-flori-perene;69.90
bulbi/bujori/lalele (zona Fitza);100 BULBI DE GLADIOLE - PACHET SPECIAL;Bulbi de Gladiole;https://pepinieraromaniei.ro/products/100-bulbi-de-gladiole-pachet-special;249.90
bulbi/bujori/lalele (zona Fitza);MIX 50 BULBI DE GLADIOLE;Pachet Gladiole;https://pepinieraromaniei.ro/products/mix-50-bulbi-de-gladiole;149.90
bulbi/bujori/lalele (zona Fitza);Mix Primvară Bloom Empire- 100 bucăți;Pachet Anemone;https://pepinieraromaniei.ro/products/mix-primvara-100-bucați;179.90
fără stoc;Pachet Iris Germanica Aurora-20 bucăți;Bulbi de Iris Germanica;https://pepinieraromaniei.ro/products/iris-germanica-aurora-20-bucați;299.00
fără stoc;Pachet Iris Germanica Select -5 bucăți;Bulbi de Iris Germanica;https://pepinieraromaniei.ro/products/iris-germanica-5-bucați;74.90
fără stoc;Pachet Iris Germanica Spectrum- 10 bucăți;Bulbi de Iris Germanica;https://pepinieraromaniei.ro/products/iris-germanica-10-bucați;149.00
bulbi/bujori/lalele (zona Fitza);Bulbi de Gladiole „Apricot Bubble Gum”, 5 Bucati;Bulbi de Gladiole;https://pepinieraromaniei.ro/products/bulbi-de-gladiole-apricot-bubble-gum;14.90
fără stoc;Bulbi de Dicentra „Cerceii Doamnei”, Valentine, 1 Bucata;Bulbi de Dicentra;https://pepinieraromaniei.ro/products/dicentra-cercei-doamnei;23.90
fără stoc;Bulbi de Dicentra „Cerceii Doamnei”, Alb, 1 Bucata;Bulbi de Dicentra;https://pepinieraromaniei.ro/products/dicentra-alba-alb;23.90
fără stoc;Bulbi de Dicentra „Cerceii Doamnei”, Roz, 1 Bucata;Bulbi de Dicentra;https://pepinieraromaniei.ro/products/bulbi-dicentra-roz;23.90
bulbi/bujori/lalele (zona Fitza);Pachet mix 50 bulbi-29.90 redusi de la 100 lei;Pachet Mixt;https://pepinieraromaniei.ro/products/pachet-bulbi-primavara;29.90
fără stoc;Bulbi de Iris Germanica „Bianca”, Alb, 1 Bucata;Bulbi de Iris Germanica;https://pepinieraromaniei.ro/products/bulbi-de-iris-germanica-bianca-alb-1-bucata-pachet;19.90
fără stoc;Bulbi de Iris Germanica „Ola Kala”, Galben, 1 Bucata;Bulbi de Iris Germanica;https://pepinieraromaniei.ro/products/bulbi-de-iris-germanica-ola-kala-galben-1-bucata-pachet;19.90
fără stoc;Bulbi de Iris Germanica „Edith Wolford”, 1 buc;Bulbi de Iris Germanica;https://pepinieraromaniei.ro/products/bulbi-de-iris-germanica-edith-wolford-bicolor-galben-albastru-1-bucata-pachet;19.90
fără stoc;Bulbi de Iris Germanica „Blue Rhythm”, 1 Bucata;Bulbi de Iris Germanica;https://pepinieraromaniei.ro/products/bulbi-de-iris-germanica-blue-rhythm-lavender-blue;19.90
fără stoc;Bulbi de Iris Germanica „Black Knight”, Mov Inchis, 1 Bucata;Bulbi de Iris Germanica;https://pepinieraromaniei.ro/products/bulbi-de-iris-germanica-black-knight-mov-inchis;19.90
fără stoc;Bulbi de Iris Germanica „Sultan's Palace”, 1 Bucata;Bulbi de Iris Germanica;https://pepinieraromaniei.ro/products/bulbi-de-iris-germanica-1-bucata;19.90
fără stoc;Bulbi de Iris Germanica „Black Suited”, 1 Bucata;Bulbi de Iris Germanica;https://pepinieraromaniei.ro/products/bulbi-de-iris-germanica-black-suited-1-bucata;19.90
fără stoc;Bulbi de Iris Germanica „Tulip Festival”,  1 Bucata;Bulbi de Iris Germanica;https://pepinieraromaniei.ro/products/bulbi-de-iris-germanica-tulip-festival-galben-alb-1-bucata-pachet;19.90
fără stoc;Bulbi de Iris Germanica „Party Dress”, 1 Bucata;Bulbi de Iris Germanica;https://pepinieraromaniei.ro/products/bulbi-de-iris-germanica-party-dress-roz-1-bucata-pachet;19.90
fără stoc;Bulbi de Iris Germanica „Alcazar”, 1 Bucata;Bulbi de Iris Germanica;https://pepinieraromaniei.ro/products/bulbi-de-iris-germanica-alcazar-1-bucata;19.90
fără stoc;Bulbi de Iris Germanica „Sea Double”, 1 Bucata;Bulbi de Iris Germanica;https://pepinieraromaniei.ro/products/bulbi-de-iris-germanica-1-bucata-1;19.90
fără stoc;Bulbi de Iris Germanica „Beverly Sills”, 1 Bucata;Bulbi de Iris Germanica;https://pepinieraromaniei.ro/products/bulbi-de-iris-germanica-beverly-sills-1-bucata;19.90
fără stoc;Bulbi de Iris Germanica „Vanity”, 1 Bucata;Bulbi de Iris Germanica;https://pepinieraromaniei.ro/products/bulbi-de-iris-germanica-vanity-1-bucata;19.90
fără stoc;Bulbi de Iris Germanica „Arpege”, 1 Bucata;Bulbi de Iris Germanica;https://pepinieraromaniei.ro/products/bulbi-de-iris-germanica-arpege-1-bucata;19.90
fără stoc;Bulbi de Iris Germanica „Harvest of Memories”, 1 Bucata;Bulbi de Iris Germanica;https://pepinieraromaniei.ro/products/iris-harvest;19.90
fără stoc;Bulbi de Iris Germanica „Natchez Trace”, 1 Bucata;Bulbi de Iris Germanica;https://pepinieraromaniei.ro/products/iris-natchez-trace;19.90
fără stoc;Bulbi de Iris Germanica „Bolt Print”, 1 Bucata;Bulbi de Iris Germanica;https://pepinieraromaniei.ro/products/bulbi-de-iris-germanica-bolt-print-1-bucata;19.90
fără stoc;Bulbi de Iris Germanica „Batik”, 1 Bucata;Bulbi de Iris Germanica;https://pepinieraromaniei.ro/products/bulbi-de-iris-germanica-batik-1-bucata;19.90
fără stoc;Bulbi de Iris Germanica „Skating Party”, 1 Bucata;Bulbi de Iris Germanica;https://pepinieraromaniei.ro/products/bulbi-de-iris-germanica-skating-party-1-bucata;19.90
fără stoc;Bulbi de Iris Germanica „Pink Tafette”, 1 Bucata;Bulbi de Iris Germanica;https://pepinieraromaniei.ro/products/bulbi-de-iris-germanica-pink-tafette-1-bucata;19.90
fără stoc;Bulbi de Iris Germanica „Blue Staccato”, 1 Bucata;Bulbi de Iris Germanica;https://pepinieraromaniei.ro/products/bulbi-de-iris-germanica-blue-staccato-1-bucata;19.90
fără stoc;Bulbi de Iris Germanica „Ensata Gold Bound”, 1 Bucata;Bulbi de Iris Germanica;https://pepinieraromaniei.ro/products/bulbi-de-iris-germanica-ensata-gold-bound-1-bucata;19.90
fără stoc;Bulbi de Iris Germanica „Spotted Yellow”, 1 Bucata;Bulbi de Iris Germanica;https://pepinieraromaniei.ro/products/bulbi-de-iris-germanica-spotted-yellow-1-bucata;19.90
fără stoc;Bulbi de Iris Germanica „Paradise”, 1 Bucata;Bulbi de Iris Germanica;https://pepinieraromaniei.ro/products/iris-germanica-paradise;19.90
fără stoc;Bulbi de Iris Germanica „Tuxedo”, 1 Bucata;Bulbi de Iris Germanica;https://pepinieraromaniei.ro/products/bulbi-de-iris-germanica-tuxedo-1-bucata;19.90
fără stoc;Bulbi de Iris Germanica „Ensata Gusto”, 1 Bucata;Bulbi de Iris Germanica;https://pepinieraromaniei.ro/products/bulbi-de-iris-germanica-ensata-gusto-1-bucata;19.90
fără stoc;Bulbi de Ranunculus, Galben, 5 Bucata;Bulbi de Ranunculus;https://pepinieraromaniei.ro/products/bulbi-de-ranunculus-galben;17.90
fără stoc;Bulbi de Ranunculus, Portocaliu, 5 Bucata;Bulbi de Ranunculus;https://pepinieraromaniei.ro/products/bulbi-de-ranunculus-portocaliu-5-bucati-pachet;16.90
fără stoc;Bulbi de Ranunculus, Rosii, 5 Bucata;Bulbi de Ranunculus;https://pepinieraromaniei.ro/products/bulbi-de-ranunculus-rosii-5-bucati-pachet;15.90
fără stoc;Bulbi de Ranunculus, Roz, 5 Bucata;Bulbi de Ranunculus;https://pepinieraromaniei.ro/products/bulbi-de-ranunculus-roz-5-bucati-pachet;13.90
fără stoc;Bulbi de Ranunculus, Alb, 5 Bucata;Bulbi de Ranunculus;https://pepinieraromaniei.ro/products/bulbi-de-ranunculus-alb-5-bucati-pachet;19.90
fără stoc;Bulbi de Ranunculus „Courchevel”, 5 Bucati;Bulbi de Ranunculus;https://pepinieraromaniei.ro/products/bulbi-de-ranunculus-courchevel-5-bucata;18.90
fără stoc;Bulbi de Ranunculus „Cottun”, 5 Bucati;Bulbi de Ranunculus;https://pepinieraromaniei.ro/products/bulbi-de-ranunculus-cottun-5-bucata;19.90
fără stoc;Bulbi de Ranunculus „Crown Nervion”, 5 Bucati;Bulbi de Ranunculus;https://pepinieraromaniei.ro/products/bulbi-de-ranunculus-crown-nervion-5-bucata;19.90
fără stoc;Bulbi de Ranunculus „Crown Sisteron”, 5 Bucati;Bulbi de Ranunculus;https://pepinieraromaniei.ro/products/bulbi-de-ranunculus-crown-sisteron-5-bucata;19.90
fără stoc;Bulbi de Ranunculus „Loubeyres”, 5 Bucati;Bulbi de Ranunculus;https://pepinieraromaniei.ro/products/bulbi-de-ranunculus-loubeyres-5-bucata;19.90
fără stoc;Bulbi de Ranunculus „Honfleur”, 5 Bucati;Bulbi de Ranunculus;https://pepinieraromaniei.ro/products/bulbi-de-ranunculus-honfleur-5-bucata;17.90
fără stoc;Bulbi de Ranunculus „Grenoble”, 5 Bucata;Bulbi de Ranunculus;https://pepinieraromaniei.ro/products/bulbi-de-ranunculus-grenoble-5-bucata;18.90
fără stoc;Bulbi de Ranunculus „Get Lucky”, 5 Bucati;Bulbi de Ranunculus;https://pepinieraromaniei.ro/products/bulbi-de-ranunculus-get-lucky-5-bucata;19.90
fără stoc;Bulbi de Ranunculus „Montenvers”, 5 Bucati;Bulbi de Ranunculus;https://pepinieraromaniei.ro/products/bulbi-de-ranunculus-montenvers-5-bucata;19.90
fără stoc;Bulbi de Ranunculus „Mercury”, 5 Bucati;Bulbi de Ranunculus;https://pepinieraromaniei.ro/products/bulbi-de-ranunculus-mercury-5-bucata;17.90
fără stoc;Bulbi de Ranunculus „Maritime”, 5 Bucati;Bulbi de Ranunculus;https://pepinieraromaniei.ro/products/bulbi-de-ranunculus-maritime-5-bucata;18.90
fără stoc;Bulbi de Ranunculus „Hydra”, 5 Bucati;Bulbi de Ranunculus;https://pepinieraromaniei.ro/products/bulbi-de-ranunculus-hydra-5-bucata;18.90
fără stoc;Bulbi de Ranunculus „Perigord”, 5 Bucati;Bulbi de Ranunculus;https://pepinieraromaniei.ro/products/bulbi-de-ranunculus-perigord-5-bucata;19.90
fără stoc;Bulbi de Ranunculus „Paradou”, 5 Bucati;Bulbi de Ranunculus;https://pepinieraromaniei.ro/products/bulbi-de-ranunculus-paradou-5-bucata;17.90
fără stoc;Bulbi de Ranunculus „Odon”, 5 Bucati;Bulbi de Ranunculus;https://pepinieraromaniei.ro/products/bulbi-de-ranunculus-odon-5-bucata;19.90
fără stoc;Bulbi de Ranunculus „Nohant”, 5 Bucati;Bulbi de Ranunculus;https://pepinieraromaniei.ro/products/bulbi-de-ranunculus-nohant-5-bucata;17.90
fără stoc;Bulbi de Ranunculus „Plage”, 5 Bucati;Bulbi de Ranunculus;https://pepinieraromaniei.ro/products/bulbi-de-ranunculus-plage-5-bucata;17.90
fără stoc;Bulbi de Ranunculus „Crown Bastille”, 5 Bucati;Bulbi de Ranunculus;https://pepinieraromaniei.ro/products/bulbi-de-ranunculus-crown-bastille-5-bucata;19.90
fără stoc;Bulbi de Ranunculus „Crown Giverny”, 5 bulbi per pachet;Bulbi de Ranunculus;https://pepinieraromaniei.ro/products/bulbi-de-ranunculus-crown-giverny-5-bucata;19.90
fără stoc;Bulbi de Ranunculus „Quimper”, 5 Bucati;Bulbi de Ranunculus;https://pepinieraromaniei.ro/products/bulbi-de-ranunculus-quimper-5-bucata;17.90
bulbi/bujori/lalele (zona Fitza);Bulbi de Cala, Mov, 1 Bucata;Bulbi de Cale;https://pepinieraromaniei.ro/products/bulbi-de-zantedeschia-purple-cale-1-bucata-pachet;13.90
bulbi/bujori/lalele (zona Fitza);Bulbi de Cala, Galben, 1 Bucata;Bulbi de Cale;https://pepinieraromaniei.ro/products/bulbi-de-zantedeschia-yellow-cale;13.90
bulbi/bujori/lalele (zona Fitza);Bulbi de Cala, Rosu, 1 Bucata;Bulbi de Cale;https://pepinieraromaniei.ro/products/zantedeschia-red-cale-1-bucata-pachet;13.90
bulbi/bujori/lalele (zona Fitza);Bulbi de Cala, Black, 1 Bucata;Bulbi de Cale;https://pepinieraromaniei.ro/products/zantedeschia-black-cale-1-bucata-pachet;13.90
bulbi/bujori/lalele (zona Fitza);Bulbi de Cala „Picasso”, 1 Bucata;Bulbi de Cale;https://pepinieraromaniei.ro/products/bulbi-de-cala-picasso-1-bucata-pachet;13.90
bulbi/bujori/lalele (zona Fitza);Bulbi de Cala „Rehmannii”, 1 Bucata;Bulbi de Cale;https://pepinieraromaniei.ro/products/bulbi-de-cala-rehmannii-1-bucata-pachet;13.90
bulbi/bujori/lalele (zona Fitza);Bulbi de Cala „Albomaculata”, 1 Bucata;Bulbi de Cale;https://pepinieraromaniei.ro/products/bulbi-de-cala-albomaculata-1-bucata-pachet;13.90
bulbi/bujori/lalele (zona Fitza);Bulbi de Cala, Portocaliu, 1 Bucata;Bulbi de Cale;https://pepinieraromaniei.ro/products/bulbi-de-zantedeschia-orange-cale-1-bucata-pachet;13.90
bulbi/bujori/lalele (zona Fitza);Bulbi de Cala „Captain Chelsea”, 1 Bucata;Bulbi de Cale;https://pepinieraromaniei.ro/products/bulbi-de-cala-captain-chelsea-1-bucata;13.90
bulbi/bujori/lalele (zona Fitza);Bulbi de Cala „Picasso”, 1 Bucata;Bulbi de Cale;https://pepinieraromaniei.ro/products/bulbi-de-cala-picasso-1-bucata;13.90
bulbi/bujori/lalele (zona Fitza);Bulbi de Cala „Captain Chelsea”, 1 Bucata;Bulbi de Cale;https://pepinieraromaniei.ro/products/bulbi-de-cala-captain-chelsea-1-bucata-pachet;13.90
bulbi/bujori/lalele (zona Fitza);Bulbi de Cala „Black Eyed”, 1 Bucata;Bulbi de Cale;https://pepinieraromaniei.ro/products/bulbi-cala-black-eyed;13.90
bulbi/bujori/lalele (zona Fitza);Cale Mixt 10 bucati;Bulbi de Cale;https://pepinieraromaniei.ro/products/cale-mixt-la-ghiveci;119.00
bulbi/bujori/lalele (zona Fitza);Bulbi de Cala „Red Alert”, 1 Bucata;Bulbi de Cale;https://pepinieraromaniei.ro/products/bulbi-de-cala-red-alert-1-bucata;13.90
bulbi/bujori/lalele (zona Fitza);Bulbi de Cala „Aethiopica Green Goddess”, 1 Bucata;Bulbi de Cale;https://pepinieraromaniei.ro/products/bulbi-de-cala-aethiopica-green-goddess-1-bucata;13.90
bulbi/bujori/lalele (zona Fitza);Bulbi de Cala „Aethiopica Flamingo”, 1 Bucata;Bulbi de Cale;https://pepinieraromaniei.ro/products/bulbi-de-cala-aethiopica-flamingo-1-bucata;13.90
bulbi/bujori/lalele (zona Fitza);Bulbi de Begonia „Double”, Galben,  2 bucati;Bulbi de Begonia;https://pepinieraromaniei.ro/products/bulbi-de-begonia-double-galben-1-bucata-pachet;18.90
bulbi/bujori/lalele (zona Fitza);Bulbi de Begonia „Double”, Roz,  2 bucati;Bulbi de Begonia;https://pepinieraromaniei.ro/products/bulbi-de-begonia-double-roz-1-bucata-pachet;18.90
bulbi/bujori/lalele (zona Fitza);Bulbi de Begonia „Double”, Portocaliu,  2 bucati;Bulbi de Begonia;https://pepinieraromaniei.ro/products/bulbi-de-begonia-double-portocaliu-1-bucata-pachet;18.90
bulbi/bujori/lalele (zona Fitza);Bulbi de Begonia „Double”, Alb, 2 bucati;Bulbi de Begonia;https://pepinieraromaniei.ro/products/bulbi-de-begonia-double-alb-1-bucata-pachet;18.90
bulbi/bujori/lalele (zona Fitza);Bulbi de Begonia „Fimbriata”, Galben,  2 bucati;Bulbi de Begonia;https://pepinieraromaniei.ro/products/bulbi-de-begonia-fimbriata-galben-1-bucata-pachet;18.90
bulbi/bujori/lalele (zona Fitza);Bulbi de Begonia „Fimbriata”, Portocaliu,  2 bucati;Bulbi de Begonia;https://pepinieraromaniei.ro/products/bulbi-de-begonia-fimbriata-portocaliu-1-bucata-pachet;18.90
bulbi/bujori/lalele (zona Fitza);Bulbi de Begonia „Camellia”, Roz,  2 bucati;Bulbi de Begonia;https://pepinieraromaniei.ro/products/bulbi-de-begonia-camellia-roz-1-bucata-pachet;18.90
bulbi/bujori/lalele (zona Fitza);Bulbi de Begonia „Bouton de Rose”, Roz,  2 bucati;Bulbi de Begonia;https://pepinieraromaniei.ro/products/bulbi-de-begonia-bouton-de-rose-roz-1-bucata-pachet;18.90
bulbi/bujori/lalele (zona Fitza);Bulbi de Begonia „Pendula”, Galben,  2 bucati;Bulbi de Begonia;https://pepinieraromaniei.ro/products/bulbi-de-begonia-pendula-galben-1-bucata-pachet;18.90
bulbi/bujori/lalele (zona Fitza);Bulbi de Begonia „Pendula”, Roz,  2 bucati;Bulbi de Begonia;https://pepinieraromaniei.ro/products/bulbi-de-begonia-pendula-roz-1-bucata-pachet;18.90
bulbi/bujori/lalele (zona Fitza);Bulbi de Begonia „Pendula”, Portocaliu,  2 bucati;Bulbi de Begonia;https://pepinieraromaniei.ro/products/bulbi-de-begonia-pendula-portocaliu-1-bucata-pachet;18.90
bulbi/bujori/lalele (zona Fitza);Bulbi de Begonia „Fimbriata”, Roz,  2 bucati;Bulbi de Begonia;https://pepinieraromaniei.ro/products/bulbi-de-begonia-fimbriata-roz-1-bucata-pachet;18.90
bulbi/bujori/lalele (zona Fitza);Bulbi de Begonia „Cascade”, Alb, 2 bucati;Bulbi de Begonia;https://pepinieraromaniei.ro/products/bulbi-de-begonia-cascade-alb-1-bucata-pachet;18.90
bulbi/bujori/lalele (zona Fitza);Bulbi de Begonia „Pendula”, Alb,  2 bucati;Bulbi de Begonia;https://pepinieraromaniei.ro/products/bulbi-de-begonia-pendula-alb-1-bucata-pachet;18.90
bulbi/bujori/lalele (zona Fitza);Bulbi de Begonia „NonStop”, Roz,  2 bucati;Bulbi de Begonia;https://pepinieraromaniei.ro/products/bulbi-begonia-nonstop;18.90
bulbi/bujori/lalele (zona Fitza);Bulbi de Begonia „NonStop”, Portocaliu,  2 bucati;Bulbi de Begonia;https://pepinieraromaniei.ro/products/bulbi-de-begonia-nonstop-portocaliu-1-bucata-pachet;18.90
bulbi/bujori/lalele (zona Fitza);Bulbi de Begonia „Marmorata”,  2 bucati;Bulbi de Begonia;https://pepinieraromaniei.ro/products/bulbi-de-begonia-marmorata-1-bucata-pachet;18.90
bulbi/bujori/lalele (zona Fitza);Bulbi de Begonia „Cascade”, Galben, 2 bucati;Bulbi de Begonia;https://pepinieraromaniei.ro/products/bulbi-de-begonia-cascade-galben-1-bucata-pachet;18.90
bulbi/bujori/lalele (zona Fitza);Bulbi de Begonia „Cascade”, Roz,  2 bucati;Bulbi de Begonia;https://pepinieraromaniei.ro/products/bulbi-de-begonia-cascade-roz-1-bucata-pachet;18.90
bulbi/bujori/lalele (zona Fitza);Bulbi de Begonia „Cascade”, Portocaliu, 2 bucati;Bulbi de Begonia;https://pepinieraromaniei.ro/products/bulbi-de-begonia-cascade-portocaliu-1-bucata-pachet;18.90
bulbi/bujori/lalele (zona Fitza);Bulbi de Begonia „Picotee Cascade Sunray”,  2 bucati;Bulbi de Begonia;https://pepinieraromaniei.ro/products/bulbi-de-begonia-picotee-cascade-sunray-1-bucata-pachet;18.90
bulbi/bujori/lalele (zona Fitza);Bulbi de Begonia „Fimbriata Dark Red”,  2 bucati;Bulbi de Begonia;https://pepinieraromaniei.ro/products/bulbi-de-begonia-fimbriata-dark-red-1-bucata-pachet;18.90
bulbi/bujori/lalele (zona Fitza);Bulbi de Begonia „Double Mix” 5 Bucăți;Bulbi de Begonia;https://pepinieraromaniei.ro/products/bulbi-de-begonia-double-mix-1-bucata-pachet;44.90
bulbi/bujori/lalele (zona Fitza);Pachet 5 Bulbi de Begonia - Flori Curgătoare;Bulbi de Begonia;https://pepinieraromaniei.ro/products/bulbi-de-begonia-mix-1-bucata-pachet;44.90
bulbi/bujori/lalele (zona Fitza);Bulbi de Begonia „Cascade”, Rosu,  2 bucati;Bulbi de Begonia;https://pepinieraromaniei.ro/products/bulbi-de-begonia-cascade-rosu-1-bucata-pachet;18.90
bulbi/bujori/lalele (zona Fitza);Bulbi de Begonia „NonStop”, Rosu,  2 bucati;Bulbi de Begonia;https://pepinieraromaniei.ro/products/bulbi-de-begonia-nonstop-rosu-1-bucata-pachet;18.90
bulbi/bujori/lalele (zona Fitza);Bulbi de Begonia „Picotee Lace”, Orange,  2 bucati;Bulbi de Begonia;https://pepinieraromaniei.ro/products/bulbi-de-begonia-picotee-lace-orange-1-bucata-pachet;18.90
bulbi/bujori/lalele (zona Fitza);Bulbi de Begonia „Picotee Lace”, Pink,  2 bucati;Bulbi de Begonia;https://pepinieraromaniei.ro/products/bulbi-de-begonia-picotee-lace-pink-1-bucata-pachet;18.90
bulbi/bujori/lalele (zona Fitza);Bulbi de Anemone „Sylphide”, 10 Bucati;Bulbi de Anemone;https://pepinieraromaniei.ro/products/bulbi-de-anemone-sylphide-5-bucati-pachet;18.90
bulbi/bujori/lalele (zona Fitza);Bulbi de Anemone „Mr Fokker Coronaria”, 10 Bucati;Bulbi de Anemone;https://pepinieraromaniei.ro/products/mr-fokker-coronaria;18.90
bulbi/bujori/lalele (zona Fitza);Bulbi de Anemone „Bride”, 10 Bucati;Bulbi de Anemone;https://pepinieraromaniei.ro/products/bulbi-de-anemone-bride-5-bucati-pachet;18.90
bulbi/bujori/lalele (zona Fitza);Bulbi de Anemone „Bicolor”, 10 Bucati;Bulbi de Anemone;https://pepinieraromaniei.ro/products/bulbi-de-anemone-bicolor-5-bucati-pachet;18.90
bulbi/bujori/lalele (zona Fitza);Bulbi de Anemone „Hollandia”, 10 Bucati;Bulbi de Anemone;https://pepinieraromaniei.ro/products/bulbi-de-anemone-hollandia-5-bucati-pachet;18.90
bulbi/bujori/lalele (zona Fitza);Bulbi de Anemone „The Governor”, 10 Bucati;Bulbi de Anemone;https://pepinieraromaniei.ro/products/bulbi-de-anemone-the-governor-5-bucati;18.90
bulbi/bujori/lalele (zona Fitza);Bulbi de Gladiole „Blue Isle”, 5 Bucati;Bulbi de Gladiole;https://pepinieraromaniei.ro/products/bulbi-de-gladiole-blue-isle;14.90
bulbi/bujori/lalele (zona Fitza);Bulbi de Gladiole „Aviol”, 5 Bucati;Bulbi de Gladiole;https://pepinieraromaniei.ro/products/bulbi-de-gladiole-aviol;14.90
bulbi/bujori/lalele (zona Fitza);Bulbi de Gladiole „At night”, 5 Bucati;Bulbi de Gladiole;https://pepinieraromaniei.ro/products/bulbi-de-gladiole-at-night;14.90
bulbi/bujori/lalele (zona Fitza);Bulbi de Gladiole „Black Sea”, 5 Bucati;Bulbi de Gladiole;https://pepinieraromaniei.ro/products/bulbi-de-gladiole-black-sea;14.90
bulbi/bujori/lalele (zona Fitza);Bulbi de Gladiole „Cookie”,  Bucati;Bulbi de Gladiole;https://pepinieraromaniei.ro/products/bulbi-de-gladiole-cookie-3-bucati-pachet;14.90
bulbi/bujori/lalele (zona Fitza);Bulbi de Gladiole „Princess Margareth Rose”, 5 Bucati;Bulbi de Gladiole;https://pepinieraromaniei.ro/products/bulbi-gladiole-princess-m;14.90
bulbi/bujori/lalele (zona Fitza);Bulbi de Gladiole „Chocolate”, 5 Bucati;Bulbi de Gladiole;https://pepinieraromaniei.ro/products/bulbi-de-gladiole-chocolate;14.90
bulbi/bujori/lalele (zona Fitza);Bulbi de Gladiole „Charisma”, 5 Bucati;Bulbi de Gladiole;https://pepinieraromaniei.ro/products/bulbi-de-gladiole-charisma;14.90
bulbi/bujori/lalele (zona Fitza);Bulbi de Gladiole „Mango Muse”, 5 Bucati;Bulbi de Gladiole;https://pepinieraromaniei.ro/products/bulbi-de-gladiole-mango-muse-3-bucati-pachet;14.90
bulbi/bujori/lalele (zona Fitza);Bulbi de Gladiole „Oracle”, 5 Bucati;Bulbi de Gladiole;https://pepinieraromaniei.ro/products/bulbi-de-gladiole-oracle-3-bucati-pachet;14.90
bulbi/bujori/lalele (zona Fitza);Bulbi de Gladiole „Pink Lady”, 5 Bucati;Bulbi de Gladiole;https://pepinieraromaniei.ro/products/bulbi-de-gladiole-pink-lady-3-bucati-pachet;14.90
bulbi/bujori/lalele (zona Fitza);Bulbi de Gladiole „Prima Verde”, 5 Bucati;Bulbi de Gladiole;https://pepinieraromaniei.ro/products/bulbi-de-gladiole-prima-verde-3-bucati-pachet;14.90
bulbi/bujori/lalele (zona Fitza);Bulbi de Gladiole „Far West”, 5 Bucati;Bulbi de Gladiole;https://pepinieraromaniei.ro/products/bulbi-de-gladiole-far-west-3-bucati-pachet;14.90
bulbi/bujori/lalele (zona Fitza);Bulbi de Gladiole „Fiorentina”, 5 Bucati;Bulbi de Gladiole;https://pepinieraromaniei.ro/products/bulbi-de-gladiole-fiorentina-3-bucati-pachet;14.90
bulbi/bujori/lalele (zona Fitza);Bulbi de Gladiole „Golden Sunrise”, 5 Bucati;Bulbi de Gladiole;https://pepinieraromaniei.ro/products/bulbi-de-gladiole-golden-sunrise-3-bucati-pachet;14.90
bulbi/bujori/lalele (zona Fitza);Bulbi de Gladiole „Jo Jo”, 5 Bucati;Bulbi de Gladiole;https://pepinieraromaniei.ro/products/bulbi-de-gladiole-jo-jo-3-bucati-pachet;14.90
bulbi/bujori/lalele (zona Fitza);Bulbi de Gladiole „Alannah”, 5 Bucati;Bulbi de Gladiole;https://pepinieraromaniei.ro/products/bulbi-de-gladiole-alannah-3-bucati-pachet;14.90
bulbi/bujori/lalele (zona Fitza);Bulbi de Gladiole „Cera Corfino”, 5 Bucati;Bulbi de Gladiole;https://pepinieraromaniei.ro/products/bulbi-de-gladiole-cera-corfino-3-bucati-pachet;14.90
bulbi/bujori/lalele (zona Fitza);Bulbi de Gladiole „Extravert”, 5 Bucati;Bulbi de Gladiole;https://pepinieraromaniei.ro/products/bulbi-de-gladiole-extravert-3-bucati-pachet;14.90
bulbi/bujori/lalele (zona Fitza);Bulbi de Gladiole „Eminence”, 5 Bucati;Bulbi de Gladiole;https://pepinieraromaniei.ro/products/bulbi-de-gladiole-eminence-3-bucati-pachet;14.90
bulbi/bujori/lalele (zona Fitza);Bulbi de Gladiole „Purple Flora”, 5 Bucati;Bulbi de Gladiole;https://pepinieraromaniei.ro/products/bulbi-de-gladiole-purple-flora-3-bucati-pachet;14.90
bulbi/bujori/lalele (zona Fitza);Bulbi de Gladiole „Japonica”, 5 Bucati;Bulbi de Gladiole;https://pepinieraromaniei.ro/products/bulbi-de-gladiole-japonica-3-bucati-pachet;14.90
bulbi/bujori/lalele (zona Fitza);Bulbi de Gladiole „Happy Disco”, 5 Bucati;Bulbi de Gladiole;https://pepinieraromaniei.ro/products/bulbi-de-gladiole-happy-disco-3-bucati-pachet;14.90
bulbi/bujori/lalele (zona Fitza);Bulbi de Gladiole „Color Club”, 5 Bucati;Bulbi de Gladiole;https://pepinieraromaniei.ro/products/bulbi-de-gladiole-color-club-3-bucati-pachet;14.90
bulbi/bujori/lalele (zona Fitza);Bulbi de Gladiole „Sunbelt”, 5 Bucati;Bulbi de Gladiole;https://pepinieraromaniei.ro/products/bulbi-de-gladiole-sunbelt-3-bucati-pachet;14.90
bulbi/bujori/lalele (zona Fitza);Bulbi de Gladiole „Traderhorn”, 5 Bucati;Bulbi de Gladiole;https://pepinieraromaniei.ro/products/bulbi-traderhorn;14.90
bulbi/bujori/lalele (zona Fitza);Bulbi de Gladiole „Vista”, 5 Bucati;Bulbi de Gladiole;https://pepinieraromaniei.ro/products/bulbi-de-gladiole-vista-3-bucati-pachet;14.90
bulbi/bujori/lalele (zona Fitza);Bulbi de Gladiole „Zizanie”, 5 Bucati;Bulbi de Gladiole;https://pepinieraromaniei.ro/products/bulbi-de-gladiole-zizanie;14.90
bulbi/bujori/lalele (zona Fitza);Bulbi de Gladiole „Dynamite”, 5 Bucati;Bulbi de Gladiole;https://pepinieraromaniei.ro/products/bulbi-de-gladiole-dynamite-3-bucati-pachet;14.90
bulbi/bujori/lalele (zona Fitza);Bulbi de Gladiole „Quepo”, 5 Bucati;Bulbi de Gladiole;https://pepinieraromaniei.ro/products/bulbi-de-gladiole-quepo-3-bucati-pachet;14.90
bulbi/bujori/lalele (zona Fitza);Bulbi de Gladiole „Rusty Chestnut”, 5 Bucati;Bulbi de Gladiole;https://pepinieraromaniei.ro/products/bulbi-de-gladiole-rusty-chestnut-3-bucati-pachet;14.90
bulbi/bujori/lalele (zona Fitza);Bulbi de Gladiole „Sapporo”, 5 Bucati;Bulbi de Gladiole;https://pepinieraromaniei.ro/products/bulbi-de-gladiole-sapporo-3-bucati-pachet;14.90
bulbi/bujori/lalele (zona Fitza);Bulbi de Gladiole „Plum Tart”, 5 Bucati;Bulbi de Gladiole;https://pepinieraromaniei.ro/products/gladiole-plum-tart;14.90
bulbi/bujori/lalele (zona Fitza);Bulbi de Gladiole „Stereo”, 5 Bucati;Bulbi de Gladiole;https://pepinieraromaniei.ro/products/bulbi-de-gladiole-stereo-3-bucati-pachet;14.90
bulbi/bujori/lalele (zona Fitza);Bulbi de Gladiole „Vista”, 5 Bucati;Bulbi de Gladiole;https://pepinieraromaniei.ro/products/bulbi-de-gladiole-vista-3-bucati-pachet-1;14.90
bulbi/bujori/lalele (zona Fitza);Bulbi de Gladiole „Wine and Roses”, 5 Bucati;Bulbi de Gladiole;https://pepinieraromaniei.ro/products/bulbi-de-gladiole-wine-and-roses-3-bucati-pachet;14.90
bulbi/bujori/lalele (zona Fitza);Bulbi de Gladiole „Azurro”, 5 Bucati;Bulbi de Gladiole;https://pepinieraromaniei.ro/products/bulbi-de-gladiole-azurro-3-bucati-pachet;14.90
bulbi/bujori/lalele (zona Fitza);Bulbi de Gladiole „Ted's Trumpet”, 5 Bucati;Bulbi de Gladiole;https://pepinieraromaniei.ro/products/bulbi-de-gladiole-teds-trumpet-3-bucati-pachet;14.90
bulbi/bujori/lalele (zona Fitza);Bulbi de Gladiole „Velvet Eyes”, 5 Bucati;Bulbi de Gladiole;https://pepinieraromaniei.ro/products/bulbi-de-gladiole-velvet-eyes-3-bucati-pachet;14.90
bulbi/bujori/lalele (zona Fitza);Bulbi de Gladiole „Mombasa”, 5 Bucati;Bulbi de Gladiole;https://pepinieraromaniei.ro/products/bulbi-de-gladiole-mombasa-3-bucati-pachet;14.90
bulbi/bujori/lalele (zona Fitza);Bulbi de Gladiole „Circus Club”, 5 bucati;Bulbi de Gladiole;https://pepinieraromaniei.ro/products/bulbi-de-gladiole-circus-club-7-bucati;14.90
bulbi/bujori/lalele (zona Fitza);Bulbi de Gladiole „Karneval”, 5 bucati;Bulbi de Gladiole;https://pepinieraromaniei.ro/products/bulbi-de-gladiole-karneval-7-bucati;14.90
bulbi/bujori/lalele (zona Fitza);Bulbi de Gladiole „Blue and White” , 5 bucati;Bulbi de Gladiole;https://pepinieraromaniei.ro/products/gladiole-blue-and-white-7-bucati;14.90
bulbi/bujori/lalele (zona Fitza);Bulbi de Gladiole „Breceria”, 5 Bucati;Bulbi de Gladiole;https://pepinieraromaniei.ro/products/bulbi-de-gladiole-breceria-3-bucati-pachet;14.90
bulbi/bujori/lalele (zona Fitza);Bulbi de Gladiole „Black Beauty”, 5 bucati;Bulbi de Gladiole;https://pepinieraromaniei.ro/products/bulbi-gladiole-black;14.90
bulbi/bujori/lalele (zona Fitza);Bulbi de Gladiole „Double Ruffle”, 5 bucati;Bulbi de Gladiole;https://pepinieraromaniei.ro/products/bulbi-de-gladiole-double-ruffle-7-bucati;14.90
bulbi/bujori/lalele (zona Fitza);Bulbi de Gladiole „Dark Blue”, 5 bucati;Bulbi de Gladiole;https://pepinieraromaniei.ro/products/bulbi-de-gladiole-dark-blue-7-bucati;14.90
bulbi/bujori/lalele (zona Fitza);Bulbi de Gladiole „Mystic”, 5 bucati;Bulbi de Gladiole;https://pepinieraromaniei.ro/products/bulbi-de-gladiole-mystic-7-bucati;14.90
bulbi/bujori/lalele (zona Fitza);Pachet Promoțional Bulbi de Frezie, 20 Bucăți;Pachet Frezie;https://pepinieraromaniei.ro/products/bulbi-frezie-20-bucati;55.90
bulbi/bujori/lalele (zona Fitza);Pachet Promoțional Bulbi de Frezie, 50 Bucăți;Pachet Frezie;https://pepinieraromaniei.ro/products/pachet-promotional-bulbi-de-frezie-50-bucati;132.90
bulbi/bujori/lalele (zona Fitza);Pachet Promoțional Bulbi de Frezie, 100 Bucăți;Pachet Frezie;https://pepinieraromaniei.ro/products/bulbi-frezie-100bucati;242.90
bulbi/bujori/lalele (zona Fitza);Bulbi de Frezie „Double Mixed”, 5 Bucati;Bulbi de Frezie;https://pepinieraromaniei.ro/products/double-mixed-frezie;16.90
bulbi/bujori/lalele (zona Fitza);Bulbi de Frezie Dublă, Roz, 5 Bucăți;Bulbi de Frezie;https://pepinieraromaniei.ro/products/bulbi-frezie-roz;16.90
bulbi/bujori/lalele (zona Fitza);Bulbi de Frezie Dublă, Roșu, 5 Bucăți;Bulbi de Frezie;https://pepinieraromaniei.ro/products/bulbi-frezie-rosu;16.90
bulbi/bujori/lalele (zona Fitza);Bulbi de Frezie Dublă, Portocalie, 5 Bucăți;Bulbi de Frezie;https://pepinieraromaniei.ro/products/bulbi-de-frezie-dubla-portocaliu-5-bucati-pachet;16.90
bulbi/bujori/lalele (zona Fitza);Bulbi de Frezie Dublă, Albă, 5 Bucăți;Bulbi de Frezie;https://pepinieraromaniei.ro/products/bulbi-frezie-alb;16.90
bulbi/bujori/lalele (zona Fitza);Bulbi de Frezie Dublă, Galbenă, 5 Bucăți;Bulbi de Frezie;https://pepinieraromaniei.ro/products/bulbi-frezie-galbena;16.90
bulbi/bujori/lalele (zona Fitza);Bulbi de Frezie Dublă, Mov, 5 Bucăți;Bulbi de Frezie;https://pepinieraromaniei.ro/products/bulbi-frezie-dubla;16.90
fără stoc;Alun Corylus Avellana;Alun;https://pepinieraromaniei.ro/products/alun-corylus-avellana-anul-2-1-bucata;34.90
bulbi/bujori/lalele (zona Fitza);Bulbi de Crini - Soft Pink - 2 buc;Bulbi de Crin;https://pepinieraromaniei.ro/products/bulbi-de-crin-soft-pink;10.90
bulbi/bujori/lalele (zona Fitza);Bulbi de Crini - Lollipop - 2 buc;Bulbi de Crin;https://pepinieraromaniei.ro/products/bulbi-de-crini-lolipop;10.90
bulbi/bujori/lalele (zona Fitza);Bulbi de Crini - Mandy - 2 buc;Bulbi de Crin;https://pepinieraromaniei.ro/products/bulbi-de-crini-mandy;10.90
bulbi/bujori/lalele (zona Fitza);Bulbi de Crini - Rare Purple - 2 buc;Bulbi de Crin;https://pepinieraromaniei.ro/products/bulbi-de-crini-rare-purple;10.90
bulbi/bujori/lalele (zona Fitza);Bulbi de Crini - Regale - 2 buc;Bulbi de Crin;https://pepinieraromaniei.ro/products/bulbi-de-crin-regale;10.90
bulbi/bujori/lalele (zona Fitza);Bulbi de Crini - Reyna - 2 buc;Bulbi de Crin;https://pepinieraromaniei.ro/products/bulbi-de-crini-reyna;10.90
bulbi/bujori/lalele (zona Fitza);Bulbi de Crini - Rosestar- 2 buc;Bulbi de Crin;https://pepinieraromaniei.ro/products/bulbi-de-crin-rosestar;10.90
bulbi/bujori/lalele (zona Fitza);Bulbi de Crini - Roxane - 2 buc;Bulbi de Crin;https://pepinieraromaniei.ro/products/bulbi-de-crin-roxane;10.90
bulbi/bujori/lalele (zona Fitza);Bulbi de Crini - Silly - 2 buc;Bulbi de Crin;https://pepinieraromaniei.ro/products/bulbi-de-crin-silly;10.90
bulbi/bujori/lalele (zona Fitza);Bulbi de Crini - Stardust  - 2 buc;Bulbi de Crin;https://pepinieraromaniei.ro/products/bulbi-de-crin-stardust;10.90
bulbi/bujori/lalele (zona Fitza);Bulbi de Crini - Roselly - 2 buc;Bulbi de Crin;https://pepinieraromaniei.ro/products/bulbi-de-crin-roselly;10.90
bulbi/bujori/lalele (zona Fitza);Bulbi de Crini - Capitain - 2 buc;Bulbi de Crin;https://pepinieraromaniei.ro/products/bulbi-de-crini-capitain;10.90
bulbi/bujori/lalele (zona Fitza);Bulbi de Crini - Little Black - 2 buc;Bulbi de Crin;https://pepinieraromaniei.ro/products/bulbi-de-crini-little-black;10.90
bulbi/bujori/lalele (zona Fitza);Bulbi de Crini - Viola - 2 buc;Bulbi de Crin;https://pepinieraromaniei.ro/products/bulbi-de-crin-viola;10.90
bulbi/bujori/lalele (zona Fitza);Bulbi de Crini - Dark Air - 2 buc;Bulbi de Crin;https://pepinieraromaniei.ro/products/bulbi-de-crini-dark-air;10.90
bulbi/bujori/lalele (zona Fitza);Bulbi de Crini - Anoushka - 2 buc;Bulbi de Crin;https://pepinieraromaniei.ro/products/bulbi-de-crini-anoushka;10.90
bulbi/bujori/lalele (zona Fitza);Bulbi de Crini - Cara - 2 buc;Bulbi de Crin;https://pepinieraromaniei.ro/products/bulbi-de-crin-cara;10.90
bulbi/bujori/lalele (zona Fitza);Bulbi de Crini - Spotted Red - 2 buc;Bulbi de Crin;https://pepinieraromaniei.ro/products/bulbi-de-crini-sppoted-red;10.90
bulbi/bujori/lalele (zona Fitza);Bulbi de Crin - Sumatra - 2 buc;Bulbi de Crin;https://pepinieraromaniei.ro/products/crin-sumatra;10.90
antidaunatori (nu sunt plante);Antidaunatori Homevo, Paraziti Interni, 100% Natural, 50g;Antidaunatori;https://pepinieraromaniei.ro/products/homevo-paraziti-interni-100-natural;36.90
antidaunatori (nu sunt plante);Antidaunatori Homevo, Mistreti, 100% Natural, 750g;Antidaunatori;https://pepinieraromaniei.ro/products/homevo-mistreti-100-natural-750-gr;64.90
antidaunatori (nu sunt plante);Antidaunatori Homevo, Paianjenul Rosu, 100% Natural, 50g;Antidaunatori;https://pepinieraromaniei.ro/products/homevo-paianjenul-rosu-100-natural-50-gr;29.90
antidaunatori (nu sunt plante);Antidaunatori Homevo, Pasari Exotice Sanatoase, 100% Natural, 50g;Antidaunatori;https://pepinieraromaniei.ro/products/antidaunatori-homevo;37.90
antidaunatori (nu sunt plante);Antidaunatori Homevo, Viermele Fructelor, 5g;Antidaunatori;https://pepinieraromaniei.ro/products/homevo-viermele-fructelor-5-gr;26.90
antidaunatori (nu sunt plante);Antidaunatori Homevo, Protectie Cabluri, 500ml;Antidaunatori;https://pepinieraromaniei.ro/products/homevo-protectie-cabluri-500-ml;64.90
antidaunatori (nu sunt plante);Antidaunatori Homevo, Pastrarea Fructelor, 100% Natural, 100g;Antidaunatori;https://pepinieraromaniei.ro/products/pastrarea-fructelor-homevo-100-natural-100g;23.90
antidaunatori (nu sunt plante);Antidaunatori Homevo, Neutralizator Pesticide, 100% Natural, 100g;Antidaunatori;https://pepinieraromaniei.ro/products/homevo-neutralizator-pesticide-100-gr;39.90
antidaunatori (nu sunt plante);Antidaunatori Homevo, Protectie Scoarta, 300g;Antidaunatori;https://pepinieraromaniei.ro/products/homevo-protectie-scoarta;63.90
antidaunatori (nu sunt plante);Antidaunatori Homevo, Mana Legumelor, 100% Natural, 7,5ml;Antidaunatori;https://pepinieraromaniei.ro/products/homevo-mana-legumelor-100-natural-7-5-ml;24.90
bulbi/bujori/lalele (zona Fitza);Bulbi de Crini - Forever Susan - 2 buc;Bulbi de Crin;https://pepinieraromaniei.ro/products/bulbi-de-crini-forever-susan-1-bucata;10.90
bulbi/bujori/lalele (zona Fitza);Bulbi de Crini - Eagle Eye - 2 buc;Bulbi de Crin;https://pepinieraromaniei.ro/products/bulbi-de-crini-eagle-eye-1-bucata;10.90
bulbi/bujori/lalele (zona Fitza);Bulbi de Crini - Double Princess - 2 buc;Bulbi de Crin;https://pepinieraromaniei.ro/products/bulbi-de-crini-double-princess-1-bucata;10.90
bulbi/bujori/lalele (zona Fitza);Bulbi de Crini - Double Nugget - 2 buc;Bulbi de Crin;https://pepinieraromaniei.ro/products/bulbi-de-crini-double-nugget-1-bucata;10.90
bulbi/bujori/lalele (zona Fitza);Bulbi de Crini - Kensington - 2 buc;Bulbi de Crin;https://pepinieraromaniei.ro/products/bulbi-de-crini-kendington-1-bucata;10.90
bulbi/bujori/lalele (zona Fitza);Bulbi de Crini - Candy Club - 2 buc;Bulbi de Crin;https://pepinieraromaniei.ro/products/bulbi-de-crini-candy-club-1-bucata;10.90
bulbi/bujori/lalele (zona Fitza);Bulbi de Crini - Zelmira - 2 buc;Bulbi de Crin;https://pepinieraromaniei.ro/products/bulbi-de-crini-zelmira-1-bucata;10.90
bulbi/bujori/lalele (zona Fitza);Bulbi de Crini - Tropical Dragon - 2 buc;Bulbi de Crin;https://pepinieraromaniei.ro/products/bulbi-de-crini-tropical-dragon-1-bucata;10.90
bulbi/bujori/lalele (zona Fitza);Bulbi de Crini - Tigerwoods - 2 buc;Bulbi de Crin;https://pepinieraromaniei.ro/products/bulbi-de-crini-tigerwoods-1-bucata;10.90
bulbi/bujori/lalele (zona Fitza);Bulbi de Crini - Red sparrow - 2 buc;Bulbi de Crin;https://pepinieraromaniei.ro/products/bulbi-de-crini-red-sparrow-1-bucata;10.90
bulbi/bujori/lalele (zona Fitza);Bulbi de Crini - Ponzone - 2 buc;Bulbi de Crin;https://pepinieraromaniei.ro/products/bulbi-de-crini-ponzone-1-bucata;10.90
bulbi/bujori/lalele (zona Fitza);Bulbi de Crini - Red desire - 2 buc;Bulbi de Crin;https://pepinieraromaniei.ro/products/bulbi-de-crini-red-desire-1-bucata;10.90
bulbi/bujori/lalele (zona Fitza);Bulbi de Crini - Nesso - 2 buc;Bulbi de Crin;https://pepinieraromaniei.ro/products/bulbi-de-crini-nesso-1-bucata;10.90
bulbi/bujori/lalele (zona Fitza);Bulbi de Crini - Kaveri - 2 buc;Bulbi de Crin;https://pepinieraromaniei.ro/products/bulbi-de-crini-kaveri-1-bucata;10.90
bulbi/bujori/lalele (zona Fitza);Bulbi de Crini - Jay Bird - 2 buc;Bulbi de Crin;https://pepinieraromaniei.ro/products/bulbi-de-crini-jay-bird-1-bucata;10.90
bulbi/bujori/lalele (zona Fitza);Bulbi de Crini - Gaucho - 2 buc;Bulbi de Crin;https://pepinieraromaniei.ro/products/bulbi-de-crini-gaucho-1-bucata;10.90
bulbi/bujori/lalele (zona Fitza);Bulbi de Crini - Fuenta - 2 buc;Bulbi de Crin;https://pepinieraromaniei.ro/products/bulbi-de-crini-fuenta-1-bucata;10.90
bulbi/bujori/lalele (zona Fitza);Bulbi de Crini - Flavia - 2 buc;Bulbi de Crin;https://pepinieraromaniei.ro/products/bulbi-de-crini-flavia-1-bucata;10.90
bulbi/bujori/lalele (zona Fitza);Bulbi de Crini - Tribal Dance - 2 buc;Bulbi de Crin;https://pepinieraromaniei.ro/products/bulbi-de-crini-tribal-dance;10.90
bulbi/bujori/lalele (zona Fitza);Bulbi de Crini - Dutch Design - 2 bucati;Bulbi de Crin;https://pepinieraromaniei.ro/products/bulbi-de-crini-dutch-design;10.90
bulbi/bujori/lalele (zona Fitza);Bulbi de Crini „Captain Tricolore”- 2 bucati;Bulbi de Crin;https://pepinieraromaniei.ro/products/bulbi-de-crini-captain-tricolore;10.90
bulbi/bujori/lalele (zona Fitza);Bulbi de Crini - Tribal Kiss - 2 buc;Bulbi de Crin;https://pepinieraromaniei.ro/products/bulbi-de-crini-tribal-kiss;10.90
bulbi/bujori/lalele (zona Fitza);Bulbi de Crini - Twosome - 2 buc;Bulbi de Crin;https://pepinieraromaniei.ro/products/bulbi-de-crini-twosome;10.90
bulbi/bujori/lalele (zona Fitza);Bulbi de Crini - Viva la Vida - 2 buc;Bulbi de Crin;https://pepinieraromaniei.ro/products/bulbi-de-crini-viva-la-vida;10.90
bulbi/bujori/lalele (zona Fitza);Bulbi de Crini - Whistler - 2 buc;Bulbi de Crin;https://pepinieraromaniei.ro/products/bulbi-de-crini-whistler;10.90
bulbi/bujori/lalele (zona Fitza);Bulbi de Crini - Pearl Melanie - 2 buc;Bulbi de Crin;https://pepinieraromaniei.ro/products/bulbi-de-crini-pearl-melanie;10.90
bulbi/bujori/lalele (zona Fitza);Bulbi de Crini - Golden Ston - 2 buc;Bulbi de Crin;https://pepinieraromaniei.ro/products/bulbi-de-crini-golden-ston;10.90
bulbi/bujori/lalele (zona Fitza);Bulbi de Crini - Golden Splendor - 2 buc;Bulbi de Crin;https://pepinieraromaniei.ro/products/bulbi-de-crini-golden-splendor;10.90
bulbi/bujori/lalele (zona Fitza);Bulbi de Crini - Gold Twin - 2 buc;Bulbi de Crin;https://pepinieraromaniei.ro/products/bulbi-de-crini-gold-twin;10.90
bulbi/bujori/lalele (zona Fitza);Bulbi de Crini - Gold Fever - 2 buc;Bulbi de Crin;https://pepinieraromaniei.ro/products/bulbi-de-crini-gold-fever;10.90
bulbi/bujori/lalele (zona Fitza);Bulbi de Crini „Butterfly Tropic”- 2 bucati;Bulbi de Crin;https://pepinieraromaniei.ro/products/bulbi-de-crin-butterfly-tropic-1-bucata;10.90
bulbi/bujori/lalele (zona Fitza);Bulbi de Crini „Butterfly Spring”- 2 bucati;Bulbi de Crin;https://pepinieraromaniei.ro/products/crini-butterfly-spring;10.90
bulbi/bujori/lalele (zona Fitza);Bulbi de Crini „Butterfly Sparkle”- 2 bucati;Bulbi de Crin;https://pepinieraromaniei.ro/products/bulbi-de-crin-butterfly-sparkle-1-bucata;10.90
bulbi/bujori/lalele (zona Fitza);Bulbi de Crini „Butterfly Luna”- 2 bucati;Bulbi de Crin;https://pepinieraromaniei.ro/products/bulbi-de-crin-butterfly-luna-1-bucata;10.90
bulbi/bujori/lalele (zona Fitza);Bulbi de Crini „Breakout”- 2 bucati;Bulbi de Crin;https://pepinieraromaniei.ro/products/bulbi-de-crin-breakout-1-bucata;10.90
bulbi/bujori/lalele (zona Fitza);Bulbi de Crini „Brancusi”- 2 bucati;Bulbi de Crin;https://pepinieraromaniei.ro/products/bulbi-de-crin-brancusi-1-bucata;10.90
bulbi/bujori/lalele (zona Fitza);Bulbi de Crini „Bradano”- 2 bucati;Bulbi de Crin;https://pepinieraromaniei.ro/products/bulbi-de-crin-bradano-1-bucata;10.90
bulbi/bujori/lalele (zona Fitza);Bulbi de Crini „Botero”- 2 bucati;Bulbi de Crin;https://pepinieraromaniei.ro/products/bulbi-de-crin-botero-1-bucata;10.90
bulbi/bujori/lalele (zona Fitza);Bulbi de Crini „Bombastic”- 2 bucati;Bulbi de Crin;https://pepinieraromaniei.ro/products/bulbi-de-crin-bombastic-1-bucata;10.90
bulbi/bujori/lalele (zona Fitza);Bulbi de Crini „Bolt”- 2 bucati;Bulbi de Crin;https://pepinieraromaniei.ro/products/bulbi-de-crin-bolt-1-bucata;10.90
bulbi/bujori/lalele (zona Fitza);Pachet Promotional Bulbi de Crini Fantasy Mixt, 50 Bucati;Pachet Crini;https://pepinieraromaniei.ro/products/pachet-promotional-bulbi-de-crini-mixt-50-bucati-9;275.90
bulbi/bujori/lalele (zona Fitza);Pachet Promoțional Bulbi de Crini De Primăvară Mixt, 20 Bucăți;Pachet Crini;https://pepinieraromaniei.ro/products/pachet-promotional-bulbi-de-crini-mixt-20-bucati-9;110.90
bulbi/bujori/lalele (zona Fitza);Pachet Promoțional Bulbi de Crini De Primăvară Mixt, 10 Bucăți;Pachet Crini;https://pepinieraromaniei.ro/products/pachet-promotional-bulbi-de-crini-mixt-10-bucati-9;55.90
bulbi/bujori/lalele (zona Fitza);Pachet Promoțional Bulbi de Crini De Primăvară Mixt, 50 Bucăți;Pachet Crini;https://pepinieraromaniei.ro/products/pachet-promotional-bulbi-de-crini-mixt-50-bucati-8;275.90
bulbi/bujori/lalele (zona Fitza);Pachet Promoțional Bulbi de Crini De Vară Mixt, 20 Bucăți;Pachet Crini;https://pepinieraromaniei.ro/products/pachet-promotional-bulbi-de-crini-mixt-20-bucati-8;110.90
bulbi/bujori/lalele (zona Fitza);Pachet Promoțional Bulbi de Crini De Vară Mixt, 10 Bucăți;Pachet Crini;https://pepinieraromaniei.ro/products/pachet-promotional-bulbi-de-crini-mixt-10-bucati-8;55.90
bulbi/bujori/lalele (zona Fitza);Pachet Promoțional Bulbi de Crini De Vară Mixt, 50 Bucăți;Pachet Crini;https://pepinieraromaniei.ro/products/pachet-promotional-bulbi-de-crini-mixt-50-bucati-7;275.90
bulbi/bujori/lalele (zona Fitza);Pachet Promoțional Bulbi de Crini De Toamnă Mixt, 20 Bucăți;Pachet Crini;https://pepinieraromaniei.ro/products/pachet-promotional-bulbi-de-crini-mixt-20-bucati-7;110.90
bulbi/bujori/lalele (zona Fitza);Pachet Promoțional Bulbi de Crini De Toamnă Mixt, 10 Bucăți;Pachet Crini;https://pepinieraromaniei.ro/products/pachet-promotional-bulbi-de-crini-mixt-10-bucati-7;55.90
bulbi/bujori/lalele (zona Fitza);Pachet Promoțional Bulbi de Crini De Toamnă Mixt, 50 Bucăți;Pachet Crini;https://pepinieraromaniei.ro/products/pachet-promotional-bulbi-de-crini-mixt-50-bucati-6;275.90
bulbi/bujori/lalele (zona Fitza);Pachet Promoțional Bulbi de Crini Polen Free Mixt, 20 Bucăți;Pachet Crini;https://pepinieraromaniei.ro/products/pachet-promotional-bulbi-de-crini-mixt-20-bucati-6;110.90
bulbi/bujori/lalele (zona Fitza);Pachet Promoțional Bulbi de Crini Polen Free Mixt, 10 Bucăți;Pachet Crini;https://pepinieraromaniei.ro/products/pachet-promotional-bulbi-de-crini-mixt-10-bucati-6;55.90
bulbi/bujori/lalele (zona Fitza);Pachet Promoțional Bulbi de Crini Polen Free Mixt, 50 Bucăți;Pachet Crini;https://pepinieraromaniei.ro/products/pachet-promotional-bulbi-de-crini-mixt-50-bucati-5;275.90
bulbi/bujori/lalele (zona Fitza);Pachet Promoțional Bulbi de Crini Multiflorali Mixt, 20 Bucăți;Pachet Crini;https://pepinieraromaniei.ro/products/pachet-promotional-bulbi-de-crini-mixt-20-bucati-5;110.90
bulbi/bujori/lalele (zona Fitza);Pachet Promoțional Bulbi de Crini Multiflorali Mixt, 10 Bucăți;Pachet Crini;https://pepinieraromaniei.ro/products/pachet-promotional-bulbi-de-crini-mixt-10-bucati-5;55.90
bulbi/bujori/lalele (zona Fitza);Pachet Promoțional Bulbi de Crini Multiflorali Mixt, 50 Bucăți;Pachet Crini;https://pepinieraromaniei.ro/products/pachet-promotional-bulbi-de-crini-mixt-50-bucati-4;275.90
bulbi/bujori/lalele (zona Fitza);Pachet Promoțional Bulbi de Crini Regali Mixt, 20 Bucăți;Pachet Crini;https://pepinieraromaniei.ro/products/pachet-promotional-bulbi-de-crini-mixt-20-bucati-4;110.90
bulbi/bujori/lalele (zona Fitza);Pachet Promoțional Bulbi de Crini Regali Mixt, 10 Bucăți;Pachet Crini;https://pepinieraromaniei.ro/products/pachet-promotional-bulbi-de-crini-mixt-10-bucati-4;55.90
bulbi/bujori/lalele (zona Fitza);Pachet Promoțional Bulbi de Crini Regali Mixt, 50 Bucăți;Pachet Crini;https://pepinieraromaniei.ro/products/bulbi-crini-regali-mixt;275.90
bulbi/bujori/lalele (zona Fitza);Pachet Promoțional Bulbi de Crini Imperiali Mixt, 20 Bucăți;Pachet Crini;https://pepinieraromaniei.ro/products/pachet-promotional-bulbi-de-crini-mixt-20-bucati-3;110.90
bulbi/bujori/lalele (zona Fitza);Pachet Promoțional Bulbi de Crini Imperiali Mixt, 10 Bucăți;Pachet Crini;https://pepinieraromaniei.ro/products/pachet-promotional-bulbi-de-crini-mixt-10-bucati-3;55.90
bulbi/bujori/lalele (zona Fitza);Pachet Promoțional Bulbi de Crini Imperiali Mixt, 50 Bucăți;Pachet Crini;https://pepinieraromaniei.ro/products/pachet-promotional-bulbi-de-crini-mixt-50-bucati-2;275.90
bulbi/bujori/lalele (zona Fitza);Pachet Promoțional Bulbi de Crini De Grădină Mixt, 20 Bucăți;Pachet Crini;https://pepinieraromaniei.ro/products/pachet-promotional-bulbi-de-crini-mixt-20-bucati-2;110.90
bulbi/bujori/lalele (zona Fitza);Pachet Promoțional Bulbi de Crini De Grădină Mixt, 10 Bucăți;Pachet Crini;https://pepinieraromaniei.ro/products/bulbi-crini-mixt-10;55.90
bulbi/bujori/lalele (zona Fitza);Bulbi de Crin „Big Smile”- 2 bucati;Bulbi de Crin;https://pepinieraromaniei.ro/products/bulbi-de-crin-big-smile-1-bucata;10.90
bulbi/bujori/lalele (zona Fitza);Bulbi de Crini „Beverly Gold”- 2 buc;Bulbi de Crin;https://pepinieraromaniei.ro/products/bulbi-de-crin-beverly-gold-1-bucata;10.90
bulbi/bujori/lalele (zona Fitza);Bulbi de Crini „Be Mine”- 2 bucati;Bulbi de Crin;https://pepinieraromaniei.ro/products/bulbi-de-crin-be-mine-1-bucata;10.90
bulbi/bujori/lalele (zona Fitza);Bulbi de Crini „Bellville”- 2 bucati;Bulbi de Crin;https://pepinieraromaniei.ro/products/bulbi-de-crin-bellville-1-bucata;10.90
bulbi/bujori/lalele (zona Fitza);Bulbi de Crini „Bazin”- 2 buc;Bulbi de Crin;https://pepinieraromaniei.ro/products/bulbi-de-crin-bazin-1-bucata;10.90
bulbi/bujori/lalele (zona Fitza);Bulbi de Crini „Bacca”- 2 bucati;Bulbi de Crin;https://pepinieraromaniei.ro/products/bulbi-de-crin-bacca-1-bucata;10.90
bulbi/bujori/lalele (zona Fitza);Bulbi de Crini „Bataleon”- 2 bucati;Bulbi de Crin;https://pepinieraromaniei.ro/products/bulbi-de-crin-bataleon-1-bucata;10.90
bulbi/bujori/lalele (zona Fitza);Bulbi de Crini „Natascha”- 2 bucati;Bulbi de Crin;https://pepinieraromaniei.ro/products/bulbi-de-crin-natascha-1-bucata;10.90
bulbi/bujori/lalele (zona Fitza);Bulbi de Crini „Ludwina”- 2 bucati;Bulbi de Crin;https://pepinieraromaniei.ro/products/bulbi-de-crin-ludwina-1-bucata;10.90
bulbi/bujori/lalele (zona Fitza);Bulbi de Crini „Lorena”- 2 bucati;Bulbi de Crin;https://pepinieraromaniei.ro/products/bulbi-de-crin-lorena-1-bucata;10.90
bulbi/bujori/lalele (zona Fitza);Bulbi de Crini „Jasmina”- 2 bucati;Bulbi de Crin;https://pepinieraromaniei.ro/products/bulbi-de-crin-jasmina-1-bucata;10.90
bulbi/bujori/lalele (zona Fitza);Bulbi de Crini „Isabella”- 2 bucati;Bulbi de Crin;https://pepinieraromaniei.ro/products/bulbi-de-crin-isabella-1-bucata;10.90
bulbi/bujori/lalele (zona Fitza);Bulbi de Crini „Irvana”- 2 bucati;Bulbi de Crin;https://pepinieraromaniei.ro/products/bulbi-de-crin-irvana-1-bucata;10.90
bulbi/bujori/lalele (zona Fitza);Bulbi de Crini „Doria”- 2 bucati;Bulbi de Crin;https://pepinieraromaniei.ro/products/bulbi-de-crin-floretta-1-bucata;10.90
bulbi/bujori/lalele (zona Fitza);Pachet Promoțional Bulbi de Crini De Grădină Mixt, 50 Bucăți;Pachet Crini;https://pepinieraromaniei.ro/products/bulbi-crini-gradina;275.90
bulbi/bujori/lalele (zona Fitza);Pachet Promotional Bulbi de Crini Giganti Mixt, 20 Bucati;Pachet Crini;https://pepinieraromaniei.ro/products/pachet-promotional-bulbi-de-crini-mixt-20-bucati-1;110.90
bulbi/bujori/lalele (zona Fitza);Pachet Promoțional Bulbi de Crini Giganți Mixt, 10 Bucăți;Pachet Crini;https://pepinieraromaniei.ro/products/pachet-promotional-bulbi-de-crini-mixt-10-bucati-1;55.90
bulbi/bujori/lalele (zona Fitza);Pachet Promoțional Bulbi de Crini Giganți Mixt, 50 Bucăți;Pachet Crini;https://pepinieraromaniei.ro/products/bulbi-crini-giganti-mixt;275.90
bulbi/bujori/lalele (zona Fitza);Pachet Promoțional Bulbi de Crini Parfumați Mixt, 20 Bucăți;Pachet Crini;https://pepinieraromaniei.ro/products/pachet-promotional-bulbi-de-crini-mixt-20-bucati;110.90
bulbi/bujori/lalele (zona Fitza);Pachet Promoțional Bulbi de Crini Parfumați Mixt, 10 Bucăți;Pachet Crini;https://pepinieraromaniei.ro/products/pachet-promotional-bulbi-de-crini-mixt-10-bucati;55.90
bulbi/bujori/lalele (zona Fitza);Bulbi de Crini „Elena”- 2 bucati;Bulbi de Crin;https://pepinieraromaniei.ro/products/bulbi-de-crin-elena-1-bucata;10.90
bulbi/bujori/lalele (zona Fitza);Bulbi de Crini „Daria”- 2 bucati;Bulbi de Crin;https://pepinieraromaniei.ro/products/bulbi-de-crin-doria-1-bucata;10.90
bulbi/bujori/lalele (zona Fitza);Bulbi de Crini „Ciara”- 2 bucati;Bulbi de Crin;https://pepinieraromaniei.ro/products/bulbi-de-crin-dalinda-1-bucata;10.90
bulbi/bujori/lalele (zona Fitza);Bulbi de Crini „Clara”- 2 bucati;Bulbi de Crin;https://pepinieraromaniei.ro/products/bulbi-de-crin-ciara-1-bucata;10.90
bulbi/bujori/lalele (zona Fitza);Bulbi de Crini „Celina”- 2 bucati;Bulbi de Crin;https://pepinieraromaniei.ro/products/bulbi-de-crin-aranza-1-bucata;10.90
bulbi/bujori/lalele (zona Fitza);Bulbi de Crini „Angela”- 2 bucati;Bulbi de Crin;https://pepinieraromaniei.ro/products/bulbi-de-crin-alana-1-bucata;10.90
bulbi/bujori/lalele (zona Fitza);Bulbi de Crini „Alana”- 2 bucati;Bulbi de Crin;https://pepinieraromaniei.ro/products/bulbi-de-crin-angela-1-bucata;10.90
bulbi/bujori/lalele (zona Fitza);Bulbi de Crini „Aisha”- 2 bucati;Bulbi de Crin;https://pepinieraromaniei.ro/products/bulbi-de-crin-aisha-1-bucata;10.90
bulbi/bujori/lalele (zona Fitza);Bulbi de Crini „Roselily Anouska”- 2 bucati;Bulbi de Crin;https://pepinieraromaniei.ro/products/bulbi-crini-roselily-anou;10.90
fără stoc;Bambus, Auriu, 175- 200 cm , la Ghiveci de 10L, 1 Bucată;Bambus;https://pepinieraromaniei.ro/products/bambus-auriu-175-200-cm-ghiveci-de-10-litri;539.90
bulbi/bujori/lalele (zona Fitza);Bulbi de Crini „Double Strawberry Vanilla”- 2 bucati;Bulbi de Crin;https://pepinieraromaniei.ro/products/bulbi-de-crini-double-strawberry-vanilla-2-bucati-pachet;10.90
bulbi/bujori/lalele (zona Fitza);Bulbi de Crini „Double Fata Morgana”- 2 bucati;Bulbi de Crin;https://pepinieraromaniei.ro/products/crini-fata-morgana;10.90
bulbi/bujori/lalele (zona Fitza);Bulbi de Crini „Double Elodie”- 2 bucati;Bulbi de Crin;https://pepinieraromaniei.ro/products/bulbi-de-crini-double-elodie-2-bucati-pachet;10.90
bulbi/bujori/lalele (zona Fitza);Bulbi de Crini „Double Sensation”- 2 bucati;Bulbi de Crin;https://pepinieraromaniei.ro/products/bulbi-de-crini-double-sensation-2-bucati-pachet;10.90
bulbi/bujori/lalele (zona Fitza);Bulbi de Crini „Candy Blosson”- 2 bucati;Bulbi de Crin;https://pepinieraromaniei.ro/products/bulbi-de-crini-candy-blosson-2-bucati-pachet;10.90
bulbi/bujori/lalele (zona Fitza);Bulbi de Crini  „Anne Marie's Dream” - 2 bucati;Bulbi de Crin;https://pepinieraromaniei.ro/products/bulbi-de-crini-anne-maries-dream-2-bucati-pachet;10.90
bulbi/bujori/lalele (zona Fitza);Bulbi de Crini „White Pixels”- 2 bucati;Bulbi de Crin;https://pepinieraromaniei.ro/products/bulbi-de-crini-white-pixels-2-bucati-pachet;10.90
bulbi/bujori/lalele (zona Fitza);Bulbi de Crini „Tresor”- 2 bucati;Bulbi de Crin;https://pepinieraromaniei.ro/products/bulbi-de-crini-tresor-2-bucati-pachet;10.90
bulbi/bujori/lalele (zona Fitza);Bulbi de Crini „Thesire”- 2 bucati;Bulbi de Crin;https://pepinieraromaniei.ro/products/bulbi-de-crini-thesire-2-bucati-pachet;10.90
bulbi/bujori/lalele (zona Fitza);Bulbi de Crini „Olina”- 2 bucati;Bulbi de Crin;https://pepinieraromaniei.ro/products/bulbi-de-crini-olina-2-bucati-pachet;10.90
bulbi/bujori/lalele (zona Fitza);Bulbi de Crini „Netty's Pride”- 2 bucati;Bulbi de Crin;https://pepinieraromaniei.ro/products/bulbi-de-crini-nettys-pride-2-bucati-pachet;10.90
bulbi/bujori/lalele (zona Fitza);Bulbi de Crini „Nello”- 2 bucati;Bulbi de Crin;https://pepinieraromaniei.ro/products/bulbi-de-crini-nello-2-bucati-pachet;10.90
bulbi/bujori/lalele (zona Fitza);Bulbi de Crini „Mapira”- 2 bucati;Bulbi de Crin;https://pepinieraromaniei.ro/products/bulbi-de-crini-mapira-2-bucati-pachet;10.90
bulbi/bujori/lalele (zona Fitza);Bulbi de Crini „London Heart”- 2 bucati;Bulbi de Crin;https://pepinieraromaniei.ro/products/bulbi-de-crini-london-heart-2-bucati-pachet;10.90
bulbi/bujori/lalele (zona Fitza);Bulbi de Crini „Lionheart”- 2 bucati;Bulbi de Crin;https://pepinieraromaniei.ro/products/bulbi-de-crini-lionheart-2-bucati-pachet;10.90
bulbi/bujori/lalele (zona Fitza);Bulbi de Crini „Spring Pink”- 2 bucati;Bulbi de Crin;https://pepinieraromaniei.ro/products/bulbi-de-crini-spring-pink-2-bucati-pachet;10.90
bulbi/bujori/lalele (zona Fitza);Bulbi de Crini „Pup Art”- 2 bucati;Bulbi de Crin;https://pepinieraromaniei.ro/products/bulbi-de-crini-pup-art-2-bucati-pachet;10.90
bulbi/bujori/lalele (zona Fitza);Bulbi de Crini „Pink Pixels”- 2 bucati;Bulbi de Crin;https://pepinieraromaniei.ro/products/bulbi-de-crini-pink-pixels-2-bucati-pachet;10.90
bulbi/bujori/lalele (zona Fitza);Bulbi de Crini „Orange Art”- 2 bucati;Bulbi de Crin;https://pepinieraromaniei.ro/products/bulbi-de-crini-orange-art-2-bucati-pachet;10.90
bulbi/bujori/lalele (zona Fitza);Bulbi de Crini „Levi”- 2 bucati;Bulbi de Crin;https://pepinieraromaniei.ro/products/bulbi-de-crini-levi-2-bucati-pachet;10.90
bulbi/bujori/lalele (zona Fitza);Bulbi de Crini „Landini”- 2 bucati;Bulbi de Crin;https://pepinieraromaniei.ro/products/bulbi-de-crini-landini-2-bucati-pachet;10.90
bulbi/bujori/lalele (zona Fitza);Bulbi de Crini „Graffity”- 2 bucati;Bulbi de Crin;https://pepinieraromaniei.ro/products/bulbi-de-crini-graffity-2-bucati-pachet;10.90
bulbi/bujori/lalele (zona Fitza);Bulbi de Crini „Forever Marjolein”- 2 bucati;Bulbi de Crin;https://pepinieraromaniei.ro/products/bulbi-de-crini-forever-marjolein-2-bucati-pachet;10.90
bulbi/bujori/lalele (zona Fitza);Bulbi de Crini „Detroit”- 2 bucati;Bulbi de Crin;https://pepinieraromaniei.ro/products/bulbi-de-crini-detroit-2-bucati-pachet;10.90
bulbi/bujori/lalele (zona Fitza);Bulbi de Crini „Easy Waltz”- 2 bucati;Bulbi de Crin;https://pepinieraromaniei.ro/products/bulbi-de-crini-easy-waltz-2-bucati-pachet;10.90
bulbi/bujori/lalele (zona Fitza);Bulbi de Crini „Easy Salsa”- 2 bucati;Bulbi de Crin;https://pepinieraromaniei.ro/products/bulbi-crini-easy-salsa;10.90
bulbi/bujori/lalele (zona Fitza);Bulbi de Crini „Dimension”- 2 bucati;Bulbi de Crin;https://pepinieraromaniei.ro/products/bulbi-de-crini-dimension-2-bucati-pachet;10.90
bulbi/bujori/lalele (zona Fitza);Bulbi de Crini „Capuchino”- 2 bucati;Bulbi de Crin;https://pepinieraromaniei.ro/products/bulbi-de-crini-capuchino-2-bucati-pachet;10.90
bulbi/bujori/lalele (zona Fitza);Bulbi de Crini „Brunello”- 2 bucati;Bulbi de Crin;https://pepinieraromaniei.ro/products/bulbi-de-crini-brunello-2-bucati-pachet;10.90
bulbi/bujori/lalele (zona Fitza);Bulbi de Crini „Black Out”- 2 bucati;Bulbi de Crin;https://pepinieraromaniei.ro/products/bulbi-de-crini-black-out-2-bucati-pachet;10.90
bulbi/bujori/lalele (zona Fitza);Bulbi de Crini „Black Eye”- 2 bucati;Bulbi de Crin;https://pepinieraromaniei.ro/products/bulbi-de-crini-black-eye-2-bucati-pachet;10.90
bulbi/bujori/lalele (zona Fitza);Bulbi de Crini „Arsenal”- 2 bucati;Bulbi de Crin;https://pepinieraromaniei.ro/products/bulbi-de-crini-arsenal-2-bucati-pachet;10.90
bulbi/bujori/lalele (zona Fitza);Bulbi de Gloxinia „Etoile de Feu”, 1 Bucată;Bulbi de Gloxinia;https://pepinieraromaniei.ro/products/bulbi-de-gloxinia-etoile-de-feu-1-bucata-pachet;13.90
fără stoc;Salcie Japoneza, la Ghiveci de 3L, 1 Bucata;Salcie Capreasca;https://pepinieraromaniei.ro/products/salcie-japoneza-1-bucata-pachet;185.90
fără stoc;Alun „Cozia”;Alun;https://pepinieraromaniei.ro/products/alun-cozia;34.90
bulbi/bujori/lalele (zona Fitza);Bulbi de Gloxinia „Violacea Deep Velvet Blue”, 1 Bucata;Bulbi de Gloxinia;https://pepinieraromaniei.ro/products/bulbi-de-gloxinia-violacea-deep-velvet-blue-1-bucata-pachet;13.90
bulbi/bujori/lalele (zona Fitza);Bulbi de Gloxinia „Tigrina Rosu”, 1 Bucata;Bulbi de Gloxinia;https://pepinieraromaniei.ro/products/bulbi-de-gloxinia-tigrina-rosu-1-bucata-pachet;13.90
bulbi/bujori/lalele (zona Fitza);Bulbi de Gloxinia „Tigrina Blue”, 1 Bucata;Bulbi de Gloxinia;https://pepinieraromaniei.ro/products/bulbi-de-gloxinia-tigrina-albastru;13.90
bulbi/bujori/lalele (zona Fitza);Bulbi de Gloxinia „Prins Albert”, 1 Bucata;Bulbi de Gloxinia;https://pepinieraromaniei.ro/products/bulbi-de-gloxinia-prins-albert-1-bucata-pachet;13.90
bulbi/bujori/lalele (zona Fitza);Bulbi de Gloxinia „Mont Blanc”, 1 Bucata;Bulbi de Gloxinia;https://pepinieraromaniei.ro/products/bulbi-de-gloxinia-mont-blanc-1-bucata-pachet;13.90
bulbi/bujori/lalele (zona Fitza);Bulbi de Gloxinia „Kaiser Wilhelm”, 1 Bucata;Bulbi de Gloxinia;https://pepinieraromaniei.ro/products/bulbi-de-gloxinia-kaiser-wilhelm-1-bucata-pachet;13.90
bulbi/bujori/lalele (zona Fitza);Bulbi de Gloxinia „Kaiser Friedrich”, 1 Bucata;Bulbi de Gloxinia;https://pepinieraromaniei.ro/products/bulbi-de-gloxinia-kaiser-friedrich-1-bucata-pachet;13.90
fără stoc;Alun Tonda Gentile;Alun;https://pepinieraromaniei.ro/products/puiet-pom-fructifer-alun-1-bucata-pachet;34.90
bulbi/bujori/lalele (zona Fitza);Bulbi de Gloxinia „Blanche de Méru”, 1 Bucata;Bulbi de Gloxinia;https://pepinieraromaniei.ro/products/bulbi-de-gloxinia-blanche-de-meru-1-bucata-pachet;13.90
bulbi/bujori/lalele (zona Fitza);Pachet Promotional Bulbi de Crini Parfumati Mixt, 50 Bucati;Pachet Crini;https://pepinieraromaniei.ro/products/pachet-promotional-bulbi-crin-mix-50-bucati;275.90
bulbi/bujori/lalele (zona Fitza);Pachet Promotional Bulbi de Crini Mixt, 30 Bucati;Pachet Crini;https://pepinieraromaniei.ro/products/pachet-promotional-bulbi-crin-mix-35-bucati;165.90
bulbi/bujori/lalele (zona Fitza);Pachet Promotional Bulbi de Crini Fantasy Mixt, 20 Bucati;Pachet Crini;https://pepinieraromaniei.ro/products/pachet-promotional-bulbi-crin-mix-22-bucati;110.90
bulbi/bujori/lalele (zona Fitza);Pachet Promotional Bulbi de Crini Lotus Mixt, 10 Bucati;Pachet Crini;https://pepinieraromaniei.ro/products/pachet-promotional-crini-lotus-mixt-10-bucati;55.90
bulbi/bujori/lalele (zona Fitza);Pachet Promotional Bulbi de Crini Lotus Mixt, 5 Bucati;Pachet Crini;https://pepinieraromaniei.ro/products/pachet-promotional-crini-lotus-mixt-5-bucati;27.90
fără stoc;Bulbi de Ghimbir „Hedychium Coccineum Aurantiacum”, Gardnerianum Galben, 1 Bucata;Bulbi de Hedychium Coccineum;https://pepinieraromaniei.ro/products/hedychium-galben-g7;127.90
fără stoc;Bulbi de Ghimbir „Hedychium Coccineum Aurantiacum”, Ellipticum Alb, 1 Bucata;Bulbi de Hedychium Coccineum;https://pepinieraromaniei.ro/products/hedychium-aurantiacum;101.90
fără stoc;Bulbi de Ghimbir „Hedychium Coccineum Aurantiacum”, Scarlet Rosu, 1 Bucata;Bulbi de Hedychium Coccineum;https://pepinieraromaniei.ro/products/hedychium-coccineum;101.90
bulbi/bujori/lalele (zona Fitza);Pachet Promotional Bulbi de Crini Fantasy Mixt, 10 Bucati;Pachet Crini;https://pepinieraromaniei.ro/products/pachet-promotional-crin-mix;55.90
bulbi/bujori/lalele (zona Fitza);Bulbi de Crini „Yellow County”- 2 bucati;Bulbi de Crin;https://pepinieraromaniei.ro/products/yelow-county;10.90
bulbi/bujori/lalele (zona Fitza);Bulbi de Crini „Yellow Bruse”- 2 bucati;Bulbi de Crin;https://pepinieraromaniei.ro/products/yellow-bruse;10.90
bulbi/bujori/lalele (zona Fitza);Bulbi de Crini „Red County”- 2 bucati;Bulbi de Crin;https://pepinieraromaniei.ro/products/red-county;10.90
bulbi/bujori/lalele (zona Fitza);Bulbi de Crini „Purple Dream”- 2 bucati;Bulbi de Crin;https://pepinieraromaniei.ro/products/purple-dream;10.90
bulbi/bujori/lalele (zona Fitza);Bulbi de Crini „Pieton”- 2 bucati;Bulbi de Crin;https://pepinieraromaniei.ro/products/pieton;10.90
bulbi/bujori/lalele (zona Fitza);Bulbi de Crini „Lotus Beauty”- 2 bucati;Bulbi de Crin;https://pepinieraromaniei.ro/products/bulbi-de-crini-lotus-beauty-2-bucati-pachet;10.90
bulbi/bujori/lalele (zona Fitza);Bulbi de Crini „Pearl Loraine”- 2 bucati;Bulbi de Crin;https://pepinieraromaniei.ro/products/pearl-loraine;10.90
bulbi/bujori/lalele (zona Fitza);Bulbi de Crini „Pearl Frances”- 2 bucati;Bulbi de Crin;https://pepinieraromaniei.ro/products/pearl-frances;10.90
bulbi/bujori/lalele (zona Fitza);Bulbi de Crini „Nightrider”- 2 bucati;Bulbi de Crin;https://pepinieraromaniei.ro/products/nightrider;10.90
bulbi/bujori/lalele (zona Fitza);Bulbi de Crini „Lotus Spring”- 2 bucati;Bulbi de Crin;https://pepinieraromaniei.ro/products/lotus-spring;10.90
bulbi/bujori/lalele (zona Fitza);Bulbi de Crini „Lotus Queen”- 2 bucati;Bulbi de Crin;https://pepinieraromaniei.ro/products/lotus-quen;10.90
bulbi/bujori/lalele (zona Fitza);Bulbi de Crini „Lotus Elegance”- 2 bucati;Bulbi de Crin;https://pepinieraromaniei.ro/products/lotus-elegance;10.90
bulbi/bujori/lalele (zona Fitza);Bulbi de Crini „Lotus Dream”- 2 bucati;Bulbi de Crin;https://pepinieraromaniei.ro/products/lotus-dream;10.90
bulbi/bujori/lalele (zona Fitza);Bulbi de Crini „Lotus Breeze”- 2 bucati;Bulbi de Crin;https://pepinieraromaniei.ro/products/lotus-breaze;10.90
bulbi/bujori/lalele (zona Fitza);Bulbi de Crini „Hachi”- 2 bucati;Bulbi de Crin;https://pepinieraromaniei.ro/products/hachi;10.90
bulbi/bujori/lalele (zona Fitza);Bulbi de Crini „Friso”- 2 bucati;Bulbi de Crin;https://pepinieraromaniei.ro/products/friso;10.90
bulbi/bujori/lalele (zona Fitza);Bulbi de Crini „Forever Linda”- 2 bucati;Bulbi de Crin;https://pepinieraromaniei.ro/products/forever-linda;10.90
bulbi/bujori/lalele (zona Fitza);Bulbi de Crini „Easy Sun”- 2 bucati;Bulbi de Crin;https://pepinieraromaniei.ro/products/easy-sun;10.90
bulbi/bujori/lalele (zona Fitza);Bulbi de Crini „Easy Spot”- 2 bucati;Bulbi de Crin;https://pepinieraromaniei.ro/products/easy-spot;10.90
bulbi/bujori/lalele (zona Fitza);Bulbi de Crini „Casa Blanca”- 2 bucati;Bulbi de Crin;https://pepinieraromaniei.ro/products/casa-blanca;10.90
bulbi/bujori/lalele (zona Fitza);Bulbi de Crini „Beverly Dreams”- 2 bucati;Bulbi de Crin;https://pepinieraromaniei.ro/products/beverly-dreams;10.90
